"","key","scientificName","decimalLatitude","decimalLongitude","issues","datasetKey","publishingOrgKey","installationKey","publishingCountry","protocol","lastCrawled","lastParsed","crawlId","hostingOrganizationKey","basisOfRecord","occurrenceStatus","taxonKey","kingdomKey","phylumKey","classKey","orderKey","familyKey","genusKey","speciesKey","acceptedTaxonKey","acceptedScientificName","kingdom","phylum","order","family","genus","species","genericName","specificEpithet","taxonRank","taxonomicStatus","iucnRedListCategory","dateIdentified","coordinateUncertaintyInMeters","stateProvince","year","month","day","eventDate","modified","lastInterpreted","references","license","identifiers","facts","relations","isInCluster","geodeticDatum","class","countryCode","recordedByIDs.type","recordedByIDs.value","identifiedByIDs.type","identifiedByIDs.value","country","rightsHolder","identifier","http...unknown.org.nick","verbatimEventDate","datasetName","verbatimLocality","collectionCode","gbifID","occurrenceID","taxonID","recordedBy","catalogNumber","http...unknown.org.occurrenceDetails","institutionCode","rights","eventTime","identifiedBy","identificationID","name","individualCount","lifeStage","continent","recordedByIDs","identifiedByIDs","vernacularName","locality","higherClassification","occurrenceRemarks","elevation","elevationAccuracy","institutionKey","institutionID","municipality","county","language","type","collectionID","identificationRemarks","X.99d66b6c.9087.452f.a9d4.f15f2c2d0e7e.","establishmentMeans","recordNumber","nomenclaturalCode","higherGeography","endDayOfYear","startDayOfYear","accessRights","verbatimElevation","sex","dynamicProperties","identificationVerificationStatus","eventRemarks","locationAccordingTo","preparations","georeferencedDate","georeferencedBy","georeferenceProtocol","georeferenceVerificationStatus","verbatimCoordinateSystem","otherCatalogNumbers","organismID","previousIdentifications","identificationQualifier","georeferenceSources","collectionKey","fieldNumber","locationRemarks","ownerInstitutionCode","datasetID"
"1","859473388","Aotus nigriceps Dollman, 1909",-12.233333,-68.35,"gass84,incomis","96ca66b4-f762-11e1-a439-00145eb45e9a","ccd1ddc0-6c21-11de-8224-b8a03c50a862","a957a663-2f17-415f-b1c8-5cf6398df8ed","US","DWC_ARCHIVE","2021-03-28T15:06:09.097+00:00","2021-03-30T12:01:12.298+00:00",115,"2053a639-84c3-4be5-b8bc-96b6d88a976c","PRESERVED_SPECIMEN","PRESENT",5219595,1,44,359,798,3239574,2436667,5219595,5219595,"Aotus nigriceps Dollman, 1909","Animalia","Chordata","Primates","Aotidae","Aotus","Aotus nigriceps","Aotus","nigriceps","SPECIES","ACCEPTED","LC",NA,NA,"Pando",1986,7,29,"1986-07-29T00:00:00","2013-08-07T00:00:00.000+00:00","2021-03-30T12:01:12.298+00:00",NA,"http://creativecommons.org/publicdomain/zero/1.0/legalcode","none","none","none",FALSE,"WGS84","Mammalia","BOL",NA,NA,NA,NA,"Bolivia (Plurinational State of)",NA,"urn:catalog:AMNH:Mammals:M-262649",NA,"1986-07-29",NA,"South America; Bolivia; Pando; Abuna; ; ; ; ; ; ; South America; Bolivia; Pando; Abuna; ; ; ; ; ; ; Chive","Mammals","859473388","urn:catalog:AMNH:Mammals:M-262649",NA,"A. W. Dickerman","M-262649",NA,"AMNH",NA,NA,NA,NA,"Aotus nigriceps Dollman, 1909",1,NA,"SOUTH_AMERICA","none","none",NA,"Chive","Animalia;Chordata;Mammalia;Primates;Aotinae;Aotus",NA,180,0,"dc02e848-9e1f-4dd0-8078-2eb60620d39b","urn:lsid:biocol.org:col:34925",NA,"Abuna","en","PhysicalObject",NA,NA,"99d66b6c-9087-452f-a9d4-f15f2c2d0e7e","NATIVE","371","ICZN","South America;Bolivia;Pando;Abuna;;;;","210","210","http://www.vertnet.org/resources/norms.html","180 m",NA,NA,NA,NA,NA,NA,NA,NA,NA,NA,NA,NA,NA,NA,NA,NA,NA,NA,NA,NA,NA
"2","1322366486","Aotus nigriceps Dollman, 1909",-9.17,-60.63,"gass84,osiic,colmafu","821cc27a-e3bb-4bc5-ac34-89ada245069d","bc092ff0-02e4-11dc-991f-b8a03c50a862","b2ff19b5-d74f-40d2-82f1-ec5db01e8e31","US","DWC_ARCHIVE","2021-09-05T14:54:29.296+00:00","2021-09-08T13:30:08.320+00:00",215,"bc092ff0-02e4-11dc-991f-b8a03c50a862","PRESERVED_SPECIMEN","PRESENT",5219595,1,44,359,798,3239574,2436667,5219595,5219595,"Aotus nigriceps Dollman, 1909","Animalia","Chordata","Primates","Aotidae","Aotus","Aotus nigriceps","Aotus","nigriceps","SPECIES","ACCEPTED","LC",NA,NA,"Mato Grosso",1975,11,27,"1975-11-27T00:00:00",NA,"2021-09-08T13:30:08.320+00:00",NA,"http://creativecommons.org/publicdomain/zero/1.0/legalcode","none","none","none",FALSE,"WGS84","Mammalia","BRA",NA,NA,NA,NA,"Brazil",NA,"http://n2t.net/ark:/65665/3e4709e87-c569-4a45-9e5a-f42c465d5563",NA,"27 Nov 1975","NMNH Extant Biology",NA,"Mammals","1322366486","http://n2t.net/ark:/65665/3e4709e87-c569-4a45-9e5a-f42c465d5563",NA,"Collector Unknown","545850",NA,"USNM",NA,NA,NA,NA,"Aotus nigriceps Dollman, 1909",1,NA,"SOUTH_AMERICA","none","none",NA,"Aripuana","Animalia, Chordata, Vertebrata, Mammalia, Eutheria, Primates, Haplorrhini, Aotidae",NA,NA,NA,"586ee56e-b0fe-4dff-b7f9-aeb104f3308a","http://biocol.org/urn:lsid:biocol.org:col:34871",NA,NA,NA,"PhysicalObject",NA,NA,"99d66b6c-9087-452f-a9d4-f15f2c2d0e7e",NA,"HB-339",NA,"South America, Brazil, Mato Grosso","331","331",NA,NA,"FEMALE",NA,NA,NA,NA,"Skin; Skull",NA,NA,NA,NA,"Degrees Minutes Seconds",NA,NA,NA,NA,NA,"c0e59491-e319-4822-90bf-3e3c6fbd4a13",NA,NA,NA,NA
"3","665889526","Aotus nigriceps Dollman, 1909",-12.2,-71.133331,"cdround,gass84,colmafu,inmafu","41fc5c40-5e81-496f-9733-6b5681b3b7a5","7b8aff00-a9f8-11d8-944b-b8a03c50a862","3b84ff5b-79ce-427c-acb7-b4004e160f66","US","DWC_ARCHIVE","2021-03-28T07:21:58.756+00:00","2021-03-30T10:22:14.414+00:00",195,"7b8aff00-a9f8-11d8-944b-b8a03c50a862","PRESERVED_SPECIMEN","PRESENT",5219595,1,44,359,798,3239574,2436667,5219595,5219595,"Aotus nigriceps Dollman, 1909","Animalia","Chordata","Primates","Aotidae","Aotus","Aotus nigriceps","Aotus","nigriceps","SPECIES","ACCEPTED","LC",NA,NA,"Madre de Dios",1962,1,25,"1962-01-25T00:00:00",NA,"2021-03-30T10:22:14.414+00:00",NA,"http://creativecommons.org/publicdomain/zero/1.0/legalcode","none","none","none",FALSE,"WGS84","Mammalia","PER",NA,NA,NA,NA,"Peru","The Field Museum of Natural History","32205e18-d2da-4bdd-8484-71a7a2d5a5a3",NA,NA,NA,NA,"Mammals","665889526","32205e18-d2da-4bdd-8484-71a7a2d5a5a3",NA,"C. Kalinowski","98037",NA,"FMNH",NA,NA,NA,NA,"Aotus nigriceps Dollman, 1909",NA,NA,"SOUTH_AMERICA","none","none",NA,"Altamira","Animalia Chordata Mammalia Primates Aotidae",NA,400,NA,"e71f36f1-e271-4720-a604-3c5a1418e7aa","FMNH",NA,"Manu","en","PhysicalObject","Mammals",NA,"99d66b6c-9087-452f-a9d4-f15f2c2d0e7e",NA,"CK-2705",NA,"South America, Peru, Madre de Dios, Manu, Neotropics: Altamira",NA,"25","http://fieldmuseum.org/about/copyright-information",NA,"MALE",NA,NA,NA,NA,"skin,skull,skel",NA,NA,"not recorded",NA,NA,NA,"2596905",NA,NA,NA,"6999cd7a-b2a3-4f56-b5c4-0b0f1b70adba","47844","decimal degrees","FMNH","mammals-24-sep-2020"
"4","665913495","Aotus nigriceps Dollman, 1909",-12.65,-70.333336,"cdround,gass84,colmafu,inmafu","41fc5c40-5e81-496f-9733-6b5681b3b7a5","7b8aff00-a9f8-11d8-944b-b8a03c50a862","3b84ff5b-79ce-427c-acb7-b4004e160f66","US","DWC_ARCHIVE","2021-03-28T07:21:58.756+00:00","2021-03-30T10:22:11.132+00:00",195,"7b8aff00-a9f8-11d8-944b-b8a03c50a862","PRESERVED_SPECIMEN","PRESENT",5219595,1,44,359,798,3239574,2436667,5219595,5219595,"Aotus nigriceps Dollman, 1909","Animalia","Chordata","Primates","Aotidae","Aotus","Aotus nigriceps","Aotus","nigriceps","SPECIES","ACCEPTED","LC",NA,NA,"Madre de Dios",1958,10,13,"1958-10-13T00:00:00",NA,"2021-03-30T10:22:11.132+00:00",NA,"http://creativecommons.org/publicdomain/zero/1.0/legalcode","none","none","none",FALSE,"WGS84","Mammalia","PER",NA,NA,NA,NA,"Peru","The Field Museum of Natural History","0219ac55-803d-4076-8072-b00e01cd776a",NA,NA,NA,NA,"Mammals","665913495","0219ac55-803d-4076-8072-b00e01cd776a",NA,"E. R. Blake","90019",NA,"FMNH",NA,NA,NA,NA,"Aotus nigriceps Dollman, 1909",NA,NA,"SOUTH_AMERICA","none","none",NA,"Rio Colorado, boca","Animalia Chordata Mammalia Primates Aotidae",NA,280,NA,"e71f36f1-e271-4720-a604-3c5a1418e7aa","FMNH",NA,"Manu","en","PhysicalObject","Mammals",NA,"99d66b6c-9087-452f-a9d4-f15f2c2d0e7e",NA,NA,NA,"South America, Peru, Madre de Dios, Manu, Neotropics: Rio Colorado, boca",NA,"13","http://fieldmuseum.org/about/copyright-information",NA,"MALE",NA,NA,NA,NA,"skull",NA,NA,"not recorded",NA,NA,NA,"2588889",NA,NA,NA,"6999cd7a-b2a3-4f56-b5c4-0b0f1b70adba","153429","decimal degrees","FMNH","mammals-24-sep-2020"
"5","665845899","Aotus nigriceps Dollman, 1909",-12.833333,-71.25,"gass84,colmafu,inmafu","41fc5c40-5e81-496f-9733-6b5681b3b7a5","7b8aff00-a9f8-11d8-944b-b8a03c50a862","3b84ff5b-79ce-427c-acb7-b4004e160f66","US","DWC_ARCHIVE","2021-03-28T07:21:58.756+00:00","2021-03-30T10:22:13.255+00:00",195,"7b8aff00-a9f8-11d8-944b-b8a03c50a862","PRESERVED_SPECIMEN","PRESENT",5219595,1,44,359,798,3239574,2436667,5219595,5219595,"Aotus nigriceps Dollman, 1909","Animalia","Chordata","Primates","Aotidae","Aotus","Aotus nigriceps","Aotus","nigriceps","SPECIES","ACCEPTED","LC",NA,NA,"Cuzco",1954,9,21,"1954-09-21T00:00:00",NA,"2021-03-30T10:22:13.255+00:00",NA,"http://creativecommons.org/publicdomain/zero/1.0/legalcode","none","none","none",FALSE,"WGS84","Mammalia","PER",NA,NA,NA,NA,"Peru","The Field Museum of Natural History","c7763bbf-c3c3-4a4d-a293-3fa61e56b7f3",NA,NA,NA,NA,"Mammals","665845899","c7763bbf-c3c3-4a4d-a293-3fa61e56b7f3",NA,"C. Kalinowski","84227",NA,"FMNH",NA,NA,NA,NA,"Aotus nigriceps Dollman, 1909",NA,NA,"SOUTH_AMERICA","none","none",NA,"Hacienda Villa Carmen","Animalia Chordata Mammalia Primates Aotidae",NA,600,NA,"e71f36f1-e271-4720-a604-3c5a1418e7aa","FMNH",NA,"Paucartambo","en","PhysicalObject","Mammals",NA,"99d66b6c-9087-452f-a9d4-f15f2c2d0e7e",NA,"CK-1639",NA,"South America, Peru, Cuzco, Paucartambo, Neotropics: Hacienda Villa Carmen",NA,"21","http://fieldmuseum.org/about/copyright-information",NA,"MALE",NA,NA,NA,NA,"skin",NA,NA,"not recorded",NA,NA,NA,"2583100",NA,NA,NA,"6999cd7a-b2a3-4f56-b5c4-0b0f1b70adba","21662","decimal degrees","FMNH","mammals-24-sep-2020"
"6","665845900","Aotus nigriceps Dollman, 1909",-12.833333,-71.25,"gass84,colmafu,inmafu","41fc5c40-5e81-496f-9733-6b5681b3b7a5","7b8aff00-a9f8-11d8-944b-b8a03c50a862","3b84ff5b-79ce-427c-acb7-b4004e160f66","US","DWC_ARCHIVE","2021-03-28T07:21:58.756+00:00","2021-03-30T10:22:15.015+00:00",195,"7b8aff00-a9f8-11d8-944b-b8a03c50a862","PRESERVED_SPECIMEN","PRESENT",5219595,1,44,359,798,3239574,2436667,5219595,5219595,"Aotus nigriceps Dollman, 1909","Animalia","Chordata","Primates","Aotidae","Aotus","Aotus nigriceps","Aotus","nigriceps","SPECIES","ACCEPTED","LC",NA,NA,"Cuzco",1954,9,21,"1954-09-21T00:00:00",NA,"2021-03-30T10:22:15.015+00:00",NA,"http://creativecommons.org/publicdomain/zero/1.0/legalcode","none","none","none",FALSE,"WGS84","Mammalia","PER",NA,NA,NA,NA,"Peru","The Field Museum of Natural History","f17a2fb9-32d4-496e-8a74-7208fcd98df4",NA,NA,NA,NA,"Mammals","665845900","f17a2fb9-32d4-496e-8a74-7208fcd98df4",NA,"C. Kalinowski","84228",NA,"FMNH",NA,NA,NA,NA,"Aotus nigriceps Dollman, 1909",NA,NA,"SOUTH_AMERICA","none","none",NA,"Hacienda Villa Carmen","Animalia Chordata Mammalia Primates Aotidae",NA,600,NA,"e71f36f1-e271-4720-a604-3c5a1418e7aa","FMNH",NA,"Paucartambo","en","PhysicalObject","Mammals",NA,"99d66b6c-9087-452f-a9d4-f15f2c2d0e7e",NA,"CK-1640",NA,"South America, Peru, Cuzco, Paucartambo, Neotropics: Hacienda Villa Carmen",NA,"21","http://fieldmuseum.org/about/copyright-information",NA,"FEMALE",NA,NA,NA,NA,"skin,skull",NA,NA,"not recorded",NA,NA,NA,"2583101",NA,NA,NA,"6999cd7a-b2a3-4f56-b5c4-0b0f1b70adba","21663","decimal degrees","FMNH","mammals-24-sep-2020"
"7","665913524","Aotus nigriceps Dollman, 1909",-12.833333,-71.25,"gass84,colmafu,inmafu","41fc5c40-5e81-496f-9733-6b5681b3b7a5","7b8aff00-a9f8-11d8-944b-b8a03c50a862","3b84ff5b-79ce-427c-acb7-b4004e160f66","US","DWC_ARCHIVE","2021-03-28T07:21:58.756+00:00","2021-03-30T10:22:14.078+00:00",195,"7b8aff00-a9f8-11d8-944b-b8a03c50a862","PRESERVED_SPECIMEN","PRESENT",5219595,1,44,359,798,3239574,2436667,5219595,5219595,"Aotus nigriceps Dollman, 1909","Animalia","Chordata","Primates","Aotidae","Aotus","Aotus nigriceps","Aotus","nigriceps","SPECIES","ACCEPTED","LC",NA,NA,"Cuzco",1954,9,17,"1954-09-17T00:00:00",NA,"2021-03-30T10:22:14.078+00:00",NA,"http://creativecommons.org/publicdomain/zero/1.0/legalcode","none","none","none",FALSE,"WGS84","Mammalia","PER",NA,NA,NA,NA,"Peru","The Field Museum of Natural History","1c811fcb-1be1-4258-832f-525668ed016c",NA,NA,NA,NA,"Mammals","665913524","1c811fcb-1be1-4258-832f-525668ed016c",NA,"C. Kalinowski","84226",NA,"FMNH",NA,NA,NA,NA,"Aotus nigriceps Dollman, 1909",NA,NA,"SOUTH_AMERICA","none","none",NA,"Hacienda Villa Carmen","Animalia Chordata Mammalia Primates Aotidae",NA,600,NA,"e71f36f1-e271-4720-a604-3c5a1418e7aa","FMNH",NA,"Paucartambo","en","PhysicalObject","Mammals",NA,"99d66b6c-9087-452f-a9d4-f15f2c2d0e7e",NA,"CK-1615",NA,"South America, Peru, Cuzco, Paucartambo, Neotropics: Hacienda Villa Carmen",NA,"17","http://fieldmuseum.org/about/copyright-information",NA,"FEMALE",NA,NA,NA,NA,"skin,skull",NA,NA,"not recorded",NA,NA,NA,"2583099",NA,NA,NA,"6999cd7a-b2a3-4f56-b5c4-0b0f1b70adba","3486","decimal degrees","FMNH","mammals-24-sep-2020"
"8","665837274","Aotus nigriceps Dollman, 1909",-13.25,-70.583336,"cdround,gass84,colmafu,inmafu","41fc5c40-5e81-496f-9733-6b5681b3b7a5","7b8aff00-a9f8-11d8-944b-b8a03c50a862","3b84ff5b-79ce-427c-acb7-b4004e160f66","US","DWC_ARCHIVE","2021-03-28T07:21:58.756+00:00","2021-03-30T10:22:15.012+00:00",195,"7b8aff00-a9f8-11d8-944b-b8a03c50a862","PRESERVED_SPECIMEN","PRESENT",5219595,1,44,359,798,3239574,2436667,5219595,5219595,"Aotus nigriceps Dollman, 1909","Animalia","Chordata","Primates","Aotidae","Aotus","Aotus nigriceps","Aotus","nigriceps","SPECIES","ACCEPTED","LC",NA,NA,"Cuzco",1953,6,21,"1953-06-21T00:00:00",NA,"2021-03-30T10:22:15.012+00:00",NA,"http://creativecommons.org/publicdomain/zero/1.0/legalcode","none","none","none",FALSE,"WGS84","Mammalia","PER",NA,NA,NA,NA,"Peru","The Field Museum of Natural History","eab50a91-5a7c-4028-a176-991b2ce87a28",NA,NA,NA,NA,"Mammals","665837274","eab50a91-5a7c-4028-a176-991b2ce87a28",NA,"C. Kalinowski","75131",NA,"FMNH",NA,NA,NA,NA,"Aotus nigriceps Dollman, 1909",NA,NA,"SOUTH_AMERICA","none","none",NA,"Huajyumbe","Animalia Chordata Mammalia Primates Aotidae",NA,630,NA,"e71f36f1-e271-4720-a604-3c5a1418e7aa","FMNH",NA,"Quispicanchi","en","PhysicalObject","Mammals",NA,"99d66b6c-9087-452f-a9d4-f15f2c2d0e7e",NA,"CK-618",NA,"South America, Peru, Cuzco, Quispicanchi, Neotropics: Huajyumbe",NA,"21","http://fieldmuseum.org/about/copyright-information",NA,"FEMALE",NA,NA,NA,NA,"skin,skull",NA,NA,"not recorded",NA,NA,NA,"2574004",NA,NA,NA,"6999cd7a-b2a3-4f56-b5c4-0b0f1b70adba","80955","decimal degrees","FMNH","mammals-24-sep-2020"
"9","665837275","Aotus nigriceps Dollman, 1909",-13.25,-70.583336,"cdround,gass84,colmafu,inmafu","41fc5c40-5e81-496f-9733-6b5681b3b7a5","7b8aff00-a9f8-11d8-944b-b8a03c50a862","3b84ff5b-79ce-427c-acb7-b4004e160f66","US","DWC_ARCHIVE","2021-03-28T07:21:58.756+00:00","2021-03-30T10:22:15.176+00:00",195,"7b8aff00-a9f8-11d8-944b-b8a03c50a862","PRESERVED_SPECIMEN","PRESENT",5219595,1,44,359,798,3239574,2436667,5219595,5219595,"Aotus nigriceps Dollman, 1909","Animalia","Chordata","Primates","Aotidae","Aotus","Aotus nigriceps","Aotus","nigriceps","SPECIES","ACCEPTED","LC",NA,NA,"Cuzco",1953,8,9,"1953-08-09T00:00:00",NA,"2021-03-30T10:22:15.176+00:00",NA,"http://creativecommons.org/publicdomain/zero/1.0/legalcode","none","none","none",FALSE,"WGS84","Mammalia","PER",NA,NA,NA,NA,"Peru","The Field Museum of Natural History","bb8ded09-eb08-45e3-a26a-b815a7743d55",NA,NA,NA,NA,"Mammals","665837275","bb8ded09-eb08-45e3-a26a-b815a7743d55",NA,"C. Kalinowski","75132",NA,"FMNH",NA,NA,NA,NA,"Aotus nigriceps Dollman, 1909",NA,NA,"SOUTH_AMERICA","none","none",NA,"Huajyumbe","Animalia Chordata Mammalia Primates Aotidae",NA,630,NA,"e71f36f1-e271-4720-a604-3c5a1418e7aa","FMNH",NA,"Quispicanchi","en","PhysicalObject","Mammals",NA,"99d66b6c-9087-452f-a9d4-f15f2c2d0e7e",NA,"CK-749",NA,"South America, Peru, Cuzco, Quispicanchi, Neotropics: Huajyumbe",NA,"9","http://fieldmuseum.org/about/copyright-information",NA,"MALE",NA,NA,NA,NA,"skin,skull",NA,NA,"not recorded",NA,NA,NA,"2574005",NA,NA,NA,"6999cd7a-b2a3-4f56-b5c4-0b0f1b70adba","80956","decimal degrees","FMNH","mammals-24-sep-2020"
"10","665840768","Aotus nigriceps Dollman, 1909",-13.25,-70.583336,"cdround,gass84,colmafu,inmafu","41fc5c40-5e81-496f-9733-6b5681b3b7a5","7b8aff00-a9f8-11d8-944b-b8a03c50a862","3b84ff5b-79ce-427c-acb7-b4004e160f66","US","DWC_ARCHIVE","2021-03-28T07:21:58.756+00:00","2021-03-30T10:22:14.476+00:00",195,"7b8aff00-a9f8-11d8-944b-b8a03c50a862","PRESERVED_SPECIMEN","PRESENT",5219595,1,44,359,798,3239574,2436667,5219595,5219595,"Aotus nigriceps Dollman, 1909","Animalia","Chordata","Primates","Aotidae","Aotus","Aotus nigriceps","Aotus","nigriceps","SPECIES","ACCEPTED","LC",NA,NA,"Cuzco",1951,4,11,"1951-04-11T00:00:00",NA,"2021-03-30T10:22:14.476+00:00",NA,"http://creativecommons.org/publicdomain/zero/1.0/legalcode","none","none","none",FALSE,"WGS84","Mammalia","PER",NA,NA,NA,NA,"Peru","The Field Museum of Natural History","43ccf43e-e580-4715-9e17-b5dad776b056",NA,NA,NA,NA,"Mammals","665840768","43ccf43e-e580-4715-9e17-b5dad776b056",NA,"C. Kalinowski","78677",NA,"FMNH",NA,NA,NA,NA,"Aotus nigriceps Dollman, 1909",NA,NA,"SOUTH_AMERICA","none","none",NA,"Huajyumbe","Animalia Chordata Mammalia Primates Aotidae",NA,630,NA,"e71f36f1-e271-4720-a604-3c5a1418e7aa","FMNH",NA,"Quispicanchi","en","PhysicalObject","Mammals",NA,"99d66b6c-9087-452f-a9d4-f15f2c2d0e7e",NA,"CK-521",NA,"South America, Peru, Cuzco, Quispicanchi, Neotropics: Huajyumbe",NA,"11","http://fieldmuseum.org/about/copyright-information",NA,"FEMALE",NA,NA,NA,NA,"skin,skull",NA,NA,"not recorded",NA,NA,NA,"2577550",NA,NA,NA,"6999cd7a-b2a3-4f56-b5c4-0b0f1b70adba","3363","decimal degrees","FMNH","mammals-24-sep-2020"
"11","665830737","Aotus nigriceps Dollman, 1909",-13.4,-70.716667,"cdround,gass84,colmafu,inmafu","41fc5c40-5e81-496f-9733-6b5681b3b7a5","7b8aff00-a9f8-11d8-944b-b8a03c50a862","3b84ff5b-79ce-427c-acb7-b4004e160f66","US","DWC_ARCHIVE","2021-03-28T07:21:58.756+00:00","2021-03-30T10:22:11.678+00:00",195,"7b8aff00-a9f8-11d8-944b-b8a03c50a862","PRESERVED_SPECIMEN","PRESENT",5219595,1,44,359,798,3239574,2436667,5219595,5219595,"Aotus nigriceps Dollman, 1909","Animalia","Chordata","Primates","Aotidae","Aotus","Aotus nigriceps","Aotus","nigriceps","SPECIES","ACCEPTED","LC",NA,NA,"Cuzco",1950,3,13,"1950-03-13T00:00:00",NA,"2021-03-30T10:22:11.678+00:00",NA,"http://creativecommons.org/publicdomain/zero/1.0/legalcode","none","none","none",FALSE,"WGS84","Mammalia","PER",NA,NA,NA,NA,"Peru","The Field Museum of Natural History","1534a25e-3402-47ac-bcad-9afcb5d6c374",NA,NA,NA,NA,"Mammals","665830737","1534a25e-3402-47ac-bcad-9afcb5d6c374",NA,"C. Kalinowski","68324",NA,"FMNH",NA,NA,NA,NA,"Aotus nigriceps Dollman, 1909",NA,NA,"SOUTH_AMERICA","none","none",NA,"Hacienda Cadena","Animalia Chordata Mammalia Primates Aotidae",NA,1000,NA,"e71f36f1-e271-4720-a604-3c5a1418e7aa","FMNH",NA,"Quispicanchi","en","PhysicalObject","Mammals",NA,"99d66b6c-9087-452f-a9d4-f15f2c2d0e7e",NA,"CK-195",NA,"South America, Peru, Cuzco, Quispicanchi, Neotropics: Hacienda Cadena",NA,"13","http://fieldmuseum.org/about/copyright-information",NA,"MALE",NA,NA,NA,NA,"skin,skull",NA,NA,"not recorded",NA,NA,NA,"2567549",NA,NA,NA,"6999cd7a-b2a3-4f56-b5c4-0b0f1b70adba","62137","decimal degrees","FMNH","mammals-24-sep-2020"
"12","665830738","Aotus nigriceps Dollman, 1909",-13.266666,-70.633331,"cdround,gass84,colmafu,inmafu","41fc5c40-5e81-496f-9733-6b5681b3b7a5","7b8aff00-a9f8-11d8-944b-b8a03c50a862","3b84ff5b-79ce-427c-acb7-b4004e160f66","US","DWC_ARCHIVE","2021-03-28T07:21:58.756+00:00","2021-03-30T10:22:16.115+00:00",195,"7b8aff00-a9f8-11d8-944b-b8a03c50a862","PRESERVED_SPECIMEN","PRESENT",5219595,1,44,359,798,3239574,2436667,5219595,5219595,"Aotus nigriceps Dollman, 1909","Animalia","Chordata","Primates","Aotidae","Aotus","Aotus nigriceps","Aotus","nigriceps","SPECIES","ACCEPTED","LC",NA,NA,"Cuzco",1950,7,16,"1950-07-16T00:00:00",NA,"2021-03-30T10:22:16.115+00:00",NA,"http://creativecommons.org/publicdomain/zero/1.0/legalcode","none","none","none",FALSE,"WGS84","Mammalia","PER",NA,NA,NA,NA,"Peru","The Field Museum of Natural History","262e1b57-a27f-4399-851d-16adfc1d1525",NA,NA,NA,NA,"Mammals","665830738","262e1b57-a27f-4399-851d-16adfc1d1525",NA,"C. Kalinowski","68325",NA,"FMNH",NA,NA,NA,NA,"Aotus nigriceps Dollman, 1909",NA,NA,"SOUTH_AMERICA","none","none",NA,"Quincemil","Animalia Chordata Mammalia Primates Aotidae",NA,650,NA,"e71f36f1-e271-4720-a604-3c5a1418e7aa","FMNH",NA,"Quispicanchi","en","PhysicalObject","Mammals",NA,"99d66b6c-9087-452f-a9d4-f15f2c2d0e7e",NA,"CK-288",NA,"South America, Peru, Cuzco, Quispicanchi, Neotropics: Quincemil",NA,"16","http://fieldmuseum.org/about/copyright-information",NA,"FEMALE",NA,NA,NA,NA,"skin,skull",NA,NA,"not recorded",NA,NA,NA,"2567550",NA,NA,NA,"6999cd7a-b2a3-4f56-b5c4-0b0f1b70adba","62138","decimal degrees","FMNH","mammals-24-sep-2020"
"13","665830739","Aotus nigriceps Dollman, 1909",-13.266666,-70.633331,"cdround,gass84,colmafu,inmafu","41fc5c40-5e81-496f-9733-6b5681b3b7a5","7b8aff00-a9f8-11d8-944b-b8a03c50a862","3b84ff5b-79ce-427c-acb7-b4004e160f66","US","DWC_ARCHIVE","2021-03-28T07:21:58.756+00:00","2021-03-30T10:22:14.567+00:00",195,"7b8aff00-a9f8-11d8-944b-b8a03c50a862","PRESERVED_SPECIMEN","PRESENT",5219595,1,44,359,798,3239574,2436667,5219595,5219595,"Aotus nigriceps Dollman, 1909","Animalia","Chordata","Primates","Aotidae","Aotus","Aotus nigriceps","Aotus","nigriceps","SPECIES","ACCEPTED","LC",NA,NA,"Cuzco",1950,7,16,"1950-07-16T00:00:00",NA,"2021-03-30T10:22:14.567+00:00",NA,"http://creativecommons.org/publicdomain/zero/1.0/legalcode","none","none","none",FALSE,"WGS84","Mammalia","PER",NA,NA,NA,NA,"Peru","The Field Museum of Natural History","d5d0175d-2a2e-4b6f-ba2b-b87f312982dc",NA,NA,NA,NA,"Mammals","665830739","d5d0175d-2a2e-4b6f-ba2b-b87f312982dc",NA,"C. Kalinowski","68326",NA,"FMNH",NA,NA,NA,NA,"Aotus nigriceps Dollman, 1909",NA,NA,"SOUTH_AMERICA","none","none",NA,"Quincemil","Animalia Chordata Mammalia Primates Aotidae",NA,650,NA,"e71f36f1-e271-4720-a604-3c5a1418e7aa","FMNH",NA,"Quispicanchi","en","PhysicalObject","Mammals",NA,"99d66b6c-9087-452f-a9d4-f15f2c2d0e7e",NA,"CK-289",NA,"South America, Peru, Cuzco, Quispicanchi, Neotropics: Quincemil",NA,"16","http://fieldmuseum.org/about/copyright-information",NA,"MALE",NA,NA,NA,NA,"skin,skull",NA,NA,"not recorded",NA,NA,NA,"2567551",NA,NA,NA,"6999cd7a-b2a3-4f56-b5c4-0b0f1b70adba","62139","decimal degrees","FMNH","mammals-24-sep-2020"
"14","665828887","Aotus nigriceps Dollman, 1909",-13.25,-70.566666,"cdround,gass84,colmafu,inmafu","41fc5c40-5e81-496f-9733-6b5681b3b7a5","7b8aff00-a9f8-11d8-944b-b8a03c50a862","3b84ff5b-79ce-427c-acb7-b4004e160f66","US","DWC_ARCHIVE","2021-03-28T07:21:58.756+00:00","2021-03-30T10:22:12.783+00:00",195,"7b8aff00-a9f8-11d8-944b-b8a03c50a862","PRESERVED_SPECIMEN","PRESENT",5219595,1,44,359,798,3239574,2436667,5219595,5219595,"Aotus nigriceps Dollman, 1909","Animalia","Chordata","Primates","Aotidae","Aotus","Aotus nigriceps","Aotus","nigriceps","SPECIES","ACCEPTED","LC",NA,NA,"Cuzco",1949,11,16,"1949-11-16T00:00:00",NA,"2021-03-30T10:22:12.783+00:00",NA,"http://creativecommons.org/publicdomain/zero/1.0/legalcode","none","none","none",FALSE,"WGS84","Mammalia","PER",NA,NA,NA,NA,"Peru","The Field Museum of Natural History","7666801b-fdce-4a1c-ac3e-bb97438d8128",NA,NA,NA,NA,"Mammals","665828887","7666801b-fdce-4a1c-ac3e-bb97438d8128",NA,"C. Kalinowski","66430",NA,"FMNH",NA,NA,NA,NA,"Aotus nigriceps Dollman, 1909",NA,NA,"SOUTH_AMERICA","none","none",NA,"Rio Nusiniscato, Balceadero","Animalia Chordata Mammalia Primates Aotidae",NA,630,NA,"e71f36f1-e271-4720-a604-3c5a1418e7aa","FMNH",NA,"Quispicanchi","en","PhysicalObject","Mammals",NA,"99d66b6c-9087-452f-a9d4-f15f2c2d0e7e",NA,"CK-110",NA,"South America, Peru, Cuzco, Quispicanchi, Neotropics: Rio Nusiniscato, Balceadero",NA,"16","http://fieldmuseum.org/about/copyright-information",NA,"FEMALE",NA,NA,NA,NA,"skin,skull",NA,NA,"not recorded",NA,NA,NA,"2565655",NA,NA,NA,"6999cd7a-b2a3-4f56-b5c4-0b0f1b70adba","136341","decimal degrees","FMNH","mammals-24-sep-2020"
"15","665826866","Aotus nigriceps Dollman, 1909",-7.233333,-74.566666,"cdround,gass84,colmafu,inmafu","41fc5c40-5e81-496f-9733-6b5681b3b7a5","7b8aff00-a9f8-11d8-944b-b8a03c50a862","3b84ff5b-79ce-427c-acb7-b4004e160f66","US","DWC_ARCHIVE","2021-03-28T07:21:58.756+00:00","2021-03-30T10:22:17.076+00:00",195,"7b8aff00-a9f8-11d8-944b-b8a03c50a862","PRESERVED_SPECIMEN","PRESENT",5219595,1,44,359,798,3239574,2436667,5219595,5219595,"Aotus nigriceps Dollman, 1909","Animalia","Chordata","Primates","Aotidae","Aotus","Aotus nigriceps","Aotus","nigriceps","SPECIES","ACCEPTED","LC",NA,NA,"Loreto",1947,5,2,"1947-05-02T00:00:00",NA,"2021-03-30T10:22:17.076+00:00",NA,"http://creativecommons.org/publicdomain/zero/1.0/legalcode","none","none","none",FALSE,"WGS84","Mammalia","PER",NA,NA,NA,NA,"Peru","The Field Museum of Natural History","62706018-f6a5-485b-a812-40d89ebc265a",NA,NA,NA,NA,"Mammals","665826866","62706018-f6a5-485b-a812-40d89ebc265a",NA,"J. M. Schunke","64282",NA,"FMNH",NA,NA,NA,NA,"Aotus nigriceps Dollman, 1909",NA,NA,"SOUTH_AMERICA","none","none",NA,"Contamana, Cerro Azul","Animalia Chordata Mammalia Primates Aotidae",NA,625,NA,"e71f36f1-e271-4720-a604-3c5a1418e7aa","FMNH",NA,"Ucayali","en","PhysicalObject","Mammals",NA,"99d66b6c-9087-452f-a9d4-f15f2c2d0e7e",NA,"15",NA,"South America, Peru, Loreto, Ucayali, Neotropics: Contamana, Cerro Azul",NA,"2","http://fieldmuseum.org/about/copyright-information",NA,"FEMALE",NA,NA,NA,NA,"skin,skull",NA,NA,"not recorded",NA,NA,NA,"2563507",NA,NA,NA,"6999cd7a-b2a3-4f56-b5c4-0b0f1b70adba","33937","decimal degrees","FMNH","mammals-24-sep-2020"
"16","665820502","Aotus nigriceps Dollman, 1909",-8.3,-74.599998,"cdround,gass84,colmafu,inmafu","41fc5c40-5e81-496f-9733-6b5681b3b7a5","7b8aff00-a9f8-11d8-944b-b8a03c50a862","3b84ff5b-79ce-427c-acb7-b4004e160f66","US","DWC_ARCHIVE","2021-03-28T07:21:58.756+00:00","2021-03-30T10:22:17.784+00:00",195,"7b8aff00-a9f8-11d8-944b-b8a03c50a862","PRESERVED_SPECIMEN","PRESENT",5219595,1,44,359,798,3239574,2436667,5219595,5219595,"Aotus nigriceps Dollman, 1909","Animalia","Chordata","Primates","Aotidae","Aotus","Aotus nigriceps","Aotus","nigriceps","SPECIES","ACCEPTED","LC",NA,NA,"Ucayali",1946,3,28,"1946-03-28T00:00:00",NA,"2021-03-30T10:22:17.784+00:00",NA,"http://creativecommons.org/publicdomain/zero/1.0/legalcode","none","none","none",FALSE,"WGS84","Mammalia","PER",NA,NA,NA,NA,"Peru","The Field Museum of Natural History","c833a806-000b-4c4b-b246-f4c32d9d7ba4",NA,NA,NA,NA,"Mammals","665820502","c833a806-000b-4c4b-b246-f4c32d9d7ba4",NA,"C. C. Sanborn","55412",NA,"FMNH",NA,NA,NA,NA,"Aotus nigriceps Dollman, 1909",NA,NA,"SOUTH_AMERICA","none","none",NA,"Yarinacocha","Animalia Chordata Mammalia Primates Aotidae",NA,NA,NA,"e71f36f1-e271-4720-a604-3c5a1418e7aa","FMNH",NA,"Coronel Portillo","en","PhysicalObject","Mammals",NA,"99d66b6c-9087-452f-a9d4-f15f2c2d0e7e",NA,"3148",NA,"South America, Peru, Ucayali, Coronel Portillo, Neotropics: Yarinacocha",NA,"28","http://fieldmuseum.org/about/copyright-information",NA,"MALE",NA,NA,NA,NA,"skin,skull",NA,NA,"not recorded",NA,NA,NA,"2554638",NA,NA,NA,"6999cd7a-b2a3-4f56-b5c4-0b0f1b70adba","128070","decimal degrees","FMNH","mammals-24-sep-2020"
"17","665820503","Aotus nigriceps Dollman, 1909",-8.3,-74.599998,"cdround,gass84,colmafu,inmafu","41fc5c40-5e81-496f-9733-6b5681b3b7a5","7b8aff00-a9f8-11d8-944b-b8a03c50a862","3b84ff5b-79ce-427c-acb7-b4004e160f66","US","DWC_ARCHIVE","2021-03-28T07:21:58.756+00:00","2021-03-30T10:22:14.959+00:00",195,"7b8aff00-a9f8-11d8-944b-b8a03c50a862","PRESERVED_SPECIMEN","PRESENT",5219595,1,44,359,798,3239574,2436667,5219595,5219595,"Aotus nigriceps Dollman, 1909","Animalia","Chordata","Primates","Aotidae","Aotus","Aotus nigriceps","Aotus","nigriceps","SPECIES","ACCEPTED","LC",NA,NA,"Ucayali",1946,3,28,"1946-03-28T00:00:00",NA,"2021-03-30T10:22:14.959+00:00",NA,"http://creativecommons.org/publicdomain/zero/1.0/legalcode","none","none","none",FALSE,"WGS84","Mammalia","PER",NA,NA,NA,NA,"Peru","The Field Museum of Natural History","e61be4ef-175d-49c4-b48b-901af600850a",NA,NA,NA,NA,"Mammals","665820503","e61be4ef-175d-49c4-b48b-901af600850a",NA,"C. C. Sanborn","55413",NA,"FMNH",NA,NA,NA,NA,"Aotus nigriceps Dollman, 1909",NA,NA,"SOUTH_AMERICA","none","none",NA,"Yarinacocha","Animalia Chordata Mammalia Primates Aotidae",NA,NA,NA,"e71f36f1-e271-4720-a604-3c5a1418e7aa","FMNH",NA,"Coronel Portillo","en","PhysicalObject","Mammals",NA,"99d66b6c-9087-452f-a9d4-f15f2c2d0e7e",NA,"3149",NA,"South America, Peru, Ucayali, Coronel Portillo, Neotropics: Yarinacocha",NA,"28","http://fieldmuseum.org/about/copyright-information",NA,"FEMALE",NA,NA,NA,NA,"skin,skull",NA,NA,"not recorded",NA,NA,NA,"2554639",NA,NA,NA,"6999cd7a-b2a3-4f56-b5c4-0b0f1b70adba","128071","decimal degrees","FMNH","mammals-24-sep-2020"
"18","665820599","Aotus nigriceps Dollman, 1909",-8.3,-74.599998,"cdround,gass84,colmafu,inmafu","41fc5c40-5e81-496f-9733-6b5681b3b7a5","7b8aff00-a9f8-11d8-944b-b8a03c50a862","3b84ff5b-79ce-427c-acb7-b4004e160f66","US","DWC_ARCHIVE","2021-03-28T07:21:58.756+00:00","2021-03-30T10:22:15.174+00:00",195,"7b8aff00-a9f8-11d8-944b-b8a03c50a862","PRESERVED_SPECIMEN","PRESENT",5219595,1,44,359,798,3239574,2436667,5219595,5219595,"Aotus nigriceps Dollman, 1909","Animalia","Chordata","Primates","Aotidae","Aotus","Aotus nigriceps","Aotus","nigriceps","SPECIES","ACCEPTED","LC",NA,NA,"Ucayali",1946,3,29,"1946-03-29T00:00:00",NA,"2021-03-30T10:22:15.174+00:00",NA,"http://creativecommons.org/publicdomain/zero/1.0/legalcode","none","none","none",FALSE,"WGS84","Mammalia","PER",NA,NA,NA,NA,"Peru","The Field Museum of Natural History","bb310d5f-9730-4dba-9214-15f5eaa6fa1c",NA,NA,NA,NA,"Mammals","665820599","bb310d5f-9730-4dba-9214-15f5eaa6fa1c",NA,"J. M. Schunke","55508",NA,"FMNH",NA,NA,NA,NA,"Aotus nigriceps Dollman, 1909",NA,NA,"SOUTH_AMERICA","none","none",NA,"Yarinacocha","Animalia Chordata Mammalia Primates Aotidae",NA,NA,NA,"e71f36f1-e271-4720-a604-3c5a1418e7aa","FMNH",NA,"Coronel Portillo","en","PhysicalObject","Mammals",NA,"99d66b6c-9087-452f-a9d4-f15f2c2d0e7e",NA,NA,NA,"South America, Peru, Ucayali, Coronel Portillo, Neotropics: Yarinacocha",NA,"29","http://fieldmuseum.org/about/copyright-information",NA,"FEMALE",NA,NA,NA,NA,"skull",NA,NA,"not recorded",NA,NA,NA,"2554734",NA,NA,NA,"6999cd7a-b2a3-4f56-b5c4-0b0f1b70adba","128159","decimal degrees","FMNH","mammals-24-sep-2020"
"19","665820504","Aotus nigriceps Dollman, 1909",-8.833333,-74.683334,"cdround,gass84,colmafu,inmafu","41fc5c40-5e81-496f-9733-6b5681b3b7a5","7b8aff00-a9f8-11d8-944b-b8a03c50a862","3b84ff5b-79ce-427c-acb7-b4004e160f66","US","DWC_ARCHIVE","2021-03-28T07:21:58.756+00:00","2021-03-30T10:22:14.004+00:00",195,"7b8aff00-a9f8-11d8-944b-b8a03c50a862","PRESERVED_SPECIMEN","PRESENT",5219595,1,44,359,798,3239574,2436667,5219595,5219595,"Aotus nigriceps Dollman, 1909","Animalia","Chordata","Primates","Aotidae","Aotus","Aotus nigriceps","Aotus","nigriceps","SPECIES","ACCEPTED","LC",NA,NA,"Huanuco",1946,4,4,"1946-04-04T00:00:00",NA,"2021-03-30T10:22:14.004+00:00",NA,"http://creativecommons.org/publicdomain/zero/1.0/legalcode","none","none","none",FALSE,"WGS84","Mammalia","PER",NA,NA,NA,NA,"Peru","The Field Museum of Natural History","a7873e83-02b8-4c04-b8ba-6dbbb6892d07",NA,NA,NA,NA,"Mammals","665820504","a7873e83-02b8-4c04-b8ba-6dbbb6892d07",NA,"C. C. Sanborn","55414",NA,"FMNH",NA,NA,NA,NA,"Aotus nigriceps Dollman, 1909",NA,NA,"SOUTH_AMERICA","none","none",NA,"Aguas Calientes","Animalia Chordata Mammalia Primates Aotidae",NA,150,NA,"e71f36f1-e271-4720-a604-3c5a1418e7aa","FMNH",NA,"Pachitea","en","PhysicalObject","Mammals",NA,"99d66b6c-9087-452f-a9d4-f15f2c2d0e7e",NA,"3167",NA,"South America, Peru, Huanuco, Pachitea, Neotropics: Aguas Calientes",NA,"4","http://fieldmuseum.org/about/copyright-information",NA,"FEMALE",NA,NA,NA,NA,"skin,skull",NA,NA,"not recorded",NA,NA,NA,"2554640",NA,NA,NA,"6999cd7a-b2a3-4f56-b5c4-0b0f1b70adba","128072","decimal degrees","FMNH","mammals-24-sep-2020"
"20","665820505","Aotus nigriceps Dollman, 1909",-8.833333,-74.683334,"cdround,gass84,colmafu,inmafu","41fc5c40-5e81-496f-9733-6b5681b3b7a5","7b8aff00-a9f8-11d8-944b-b8a03c50a862","3b84ff5b-79ce-427c-acb7-b4004e160f66","US","DWC_ARCHIVE","2021-03-28T07:21:58.756+00:00","2021-03-30T10:22:15.090+00:00",195,"7b8aff00-a9f8-11d8-944b-b8a03c50a862","PRESERVED_SPECIMEN","PRESENT",5219595,1,44,359,798,3239574,2436667,5219595,5219595,"Aotus nigriceps Dollman, 1909","Animalia","Chordata","Primates","Aotidae","Aotus","Aotus nigriceps","Aotus","nigriceps","SPECIES","ACCEPTED","LC",NA,NA,"Huanuco",1946,4,4,"1946-04-04T00:00:00",NA,"2021-03-30T10:22:15.090+00:00",NA,"http://creativecommons.org/publicdomain/zero/1.0/legalcode","none","none","none",FALSE,"WGS84","Mammalia","PER",NA,NA,NA,NA,"Peru","The Field Museum of Natural History","b7935088-e4f5-4471-b1f4-6d52cedc6a38",NA,NA,NA,NA,"Mammals","665820505","b7935088-e4f5-4471-b1f4-6d52cedc6a38",NA,"C. C. Sanborn","55415",NA,"FMNH",NA,NA,NA,NA,"Aotus nigriceps Dollman, 1909",NA,NA,"SOUTH_AMERICA","none","none",NA,"Aguas Calientes","Animalia Chordata Mammalia Primates Aotidae",NA,150,NA,"e71f36f1-e271-4720-a604-3c5a1418e7aa","FMNH",NA,"Pachitea","en","PhysicalObject","Mammals",NA,"99d66b6c-9087-452f-a9d4-f15f2c2d0e7e",NA,"3168",NA,"South America, Peru, Huanuco, Pachitea, Neotropics: Aguas Calientes",NA,"4","http://fieldmuseum.org/about/copyright-information",NA,"FEMALE",NA,NA,NA,NA,"skin,skull,skel",NA,NA,"not recorded",NA,NA,NA,"2554641",NA,NA,NA,"6999cd7a-b2a3-4f56-b5c4-0b0f1b70adba","128073","decimal degrees","FMNH","mammals-24-sep-2020"
"21","665826060","Aotus nigriceps Dollman, 1909",-8.3,-74.599998,"cdround,gass84,colmafu,inmafu","41fc5c40-5e81-496f-9733-6b5681b3b7a5","7b8aff00-a9f8-11d8-944b-b8a03c50a862","3b84ff5b-79ce-427c-acb7-b4004e160f66","US","DWC_ARCHIVE","2021-03-28T07:21:58.756+00:00","2021-03-30T10:22:12.891+00:00",195,"7b8aff00-a9f8-11d8-944b-b8a03c50a862","PRESERVED_SPECIMEN","PRESENT",5219595,1,44,359,798,3239574,2436667,5219595,5219595,"Aotus nigriceps Dollman, 1909","Animalia","Chordata","Primates","Aotidae","Aotus","Aotus nigriceps","Aotus","nigriceps","SPECIES","ACCEPTED","LC",NA,NA,"Ucayali",1946,9,30,"1946-09-30T00:00:00",NA,"2021-03-30T10:22:12.891+00:00",NA,"http://creativecommons.org/publicdomain/zero/1.0/legalcode","none","none","none",FALSE,"WGS84","Mammalia","PER",NA,NA,NA,NA,"Peru","The Field Museum of Natural History","8c9f1aa9-5427-4f01-adb0-b0922e1595e8",NA,NA,NA,NA,"Mammals","665826060","8c9f1aa9-5427-4f01-adb0-b0922e1595e8",NA,"J. M. Schunke","62074",NA,"FMNH",NA,NA,NA,NA,"Aotus nigriceps Dollman, 1909",NA,NA,"SOUTH_AMERICA","none","none",NA,"Yarinacocha","Animalia Chordata Mammalia Primates Aotidae",NA,NA,NA,"e71f36f1-e271-4720-a604-3c5a1418e7aa","FMNH",NA,"Coronel Portillo","en","PhysicalObject","Mammals",NA,"99d66b6c-9087-452f-a9d4-f15f2c2d0e7e",NA,"785",NA,"South America, Peru, Ucayali, Coronel Portillo, Neotropics: Yarinacocha",NA,"30","http://fieldmuseum.org/about/copyright-information",NA,"FEMALE",NA,NA,NA,NA,"skin,skull",NA,NA,"not recorded",NA,NA,NA,"2561299",NA,NA,NA,"6999cd7a-b2a3-4f56-b5c4-0b0f1b70adba","20785","decimal degrees","FMNH","mammals-24-sep-2020"
"22","665804965","Aotus nigriceps Dollman, 1909",-10.066666,-75.533333,"cdround,gass84,colmafu,inmafu","41fc5c40-5e81-496f-9733-6b5681b3b7a5","7b8aff00-a9f8-11d8-944b-b8a03c50a862","3b84ff5b-79ce-427c-acb7-b4004e160f66","US","DWC_ARCHIVE","2021-03-28T07:21:58.756+00:00","2021-03-30T10:22:14.190+00:00",195,"7b8aff00-a9f8-11d8-944b-b8a03c50a862","PRESERVED_SPECIMEN","PRESENT",5219595,1,44,359,798,3239574,2436667,5219595,5219595,"Aotus nigriceps Dollman, 1909","Animalia","Chordata","Primates","Aotidae","Aotus","Aotus nigriceps","Aotus","nigriceps","SPECIES","ACCEPTED","LC",NA,NA,"Pasco",1924,2,NA,"1924-02-01T00:00:00",NA,"2021-03-30T10:22:14.190+00:00",NA,"http://creativecommons.org/publicdomain/zero/1.0/legalcode","none","none","none",FALSE,"WGS84","Mammalia","PER",NA,NA,NA,NA,"Peru","The Field Museum of Natural History","bce0d095-fce2-4e67-8706-9f1d33d5c1a5",NA,NA,NA,NA,"Mammals","665804965","bce0d095-fce2-4e67-8706-9f1d33d5c1a5",NA,"E. H. Heller","35737",NA,"FMNH",NA,NA,NA,NA,"Aotus nigriceps Dollman, 1909",NA,NA,"SOUTH_AMERICA","none","none",NA,"Pozuzo","Animalia Chordata Mammalia Primates Aotidae",NA,1000,NA,"e71f36f1-e271-4720-a604-3c5a1418e7aa","FMNH",NA,"Oxapampa","en","PhysicalObject","Mammals",NA,"99d66b6c-9087-452f-a9d4-f15f2c2d0e7e",NA,NA,NA,"South America, Peru, Pasco, Oxapampa, Neotropics: Pozuzo",NA,NA,"http://fieldmuseum.org/about/copyright-information",NA,NA,NA,NA,NA,NA,"skin",NA,NA,"not recorded",NA,NA,NA,"2534963",NA,NA,NA,"6999cd7a-b2a3-4f56-b5c4-0b0f1b70adba","119943","decimal degrees","FMNH","mammals-24-sep-2020"
"23","665804348","Aotus nigriceps Dollman, 1909",-10.066667,-75.533333,"cdround,gass84,colmafu,inmafu","41fc5c40-5e81-496f-9733-6b5681b3b7a5","7b8aff00-a9f8-11d8-944b-b8a03c50a862","3b84ff5b-79ce-427c-acb7-b4004e160f66","US","DWC_ARCHIVE","2021-03-28T07:21:58.756+00:00","2021-03-30T10:22:17.592+00:00",195,"7b8aff00-a9f8-11d8-944b-b8a03c50a862","PRESERVED_SPECIMEN","PRESENT",5219595,1,44,359,798,3239574,2436667,5219595,5219595,"Aotus nigriceps Dollman, 1909","Animalia","Chordata","Primates","Aotidae","Aotus","Aotus nigriceps","Aotus","nigriceps","SPECIES","ACCEPTED","LC",NA,NA,"Pasco",1923,2,12,"1923-02-12T00:00:00",NA,"2021-03-30T10:22:17.592+00:00",NA,"http://creativecommons.org/publicdomain/zero/1.0/legalcode","none","none","none",FALSE,"WGS84","Mammalia","PER",NA,NA,NA,NA,"Peru","The Field Museum of Natural History","a4504681-26c2-4189-a9d6-630a40dbb475",NA,NA,NA,NA,"Mammals","665804348","a4504681-26c2-4189-a9d6-630a40dbb475",NA,"E. H. Heller","35098",NA,"FMNH",NA,NA,NA,NA,"Aotus nigriceps Dollman, 1909",NA,NA,"SOUTH_AMERICA","none","none",NA,"Pozuzo","Animalia Chordata Mammalia Primates Aotidae",NA,1000,NA,"e71f36f1-e271-4720-a604-3c5a1418e7aa","FMNH",NA,"Oxapampa","en","PhysicalObject","Mammals",NA,"99d66b6c-9087-452f-a9d4-f15f2c2d0e7e",NA,"7183",NA,"South America, Peru, Pasco, Oxapampa, Neotropics: Pozuzo",NA,"12","http://fieldmuseum.org/about/copyright-information",NA,NA,NA,NA,NA,NA,"skin",NA,NA,"not recorded",NA,NA,NA,"2534324",NA,NA,NA,"6999cd7a-b2a3-4f56-b5c4-0b0f1b70adba","119371","decimal degrees","FMNH","mammals-24-sep-2020"
"24","665804349","Aotus nigriceps Dollman, 1909",-10.066667,-75.533333,"cdround,gass84,colmafu,inmafu","41fc5c40-5e81-496f-9733-6b5681b3b7a5","7b8aff00-a9f8-11d8-944b-b8a03c50a862","3b84ff5b-79ce-427c-acb7-b4004e160f66","US","DWC_ARCHIVE","2021-03-28T07:21:58.756+00:00","2021-03-30T10:22:14.861+00:00",195,"7b8aff00-a9f8-11d8-944b-b8a03c50a862","PRESERVED_SPECIMEN","PRESENT",5219595,1,44,359,798,3239574,2436667,5219595,5219595,"Aotus nigriceps Dollman, 1909","Animalia","Chordata","Primates","Aotidae","Aotus","Aotus nigriceps","Aotus","nigriceps","SPECIES","ACCEPTED","LC",NA,NA,"Pasco",1923,2,12,"1923-02-12T00:00:00",NA,"2021-03-30T10:22:14.861+00:00",NA,"http://creativecommons.org/publicdomain/zero/1.0/legalcode","none","none","none",FALSE,"WGS84","Mammalia","PER",NA,NA,NA,NA,"Peru","The Field Museum of Natural History","852c7f26-0a91-4e4b-9a4b-b006d45875f5",NA,NA,NA,NA,"Mammals","665804349","852c7f26-0a91-4e4b-9a4b-b006d45875f5",NA,"E. H. Heller","35099",NA,"FMNH",NA,NA,NA,NA,"Aotus nigriceps Dollman, 1909",NA,NA,"SOUTH_AMERICA","none","none",NA,"Pozuzo","Animalia Chordata Mammalia Primates Aotidae",NA,1000,NA,"e71f36f1-e271-4720-a604-3c5a1418e7aa","FMNH",NA,"Oxapampa","en","PhysicalObject","Mammals",NA,"99d66b6c-9087-452f-a9d4-f15f2c2d0e7e",NA,"7184",NA,"South America, Peru, Pasco, Oxapampa, Neotropics: Pozuzo",NA,"12","http://fieldmuseum.org/about/copyright-information",NA,NA,NA,NA,NA,NA,"skin",NA,NA,"not recorded",NA,NA,NA,"2534325",NA,NA,NA,"6999cd7a-b2a3-4f56-b5c4-0b0f1b70adba","119372","decimal degrees","FMNH","mammals-24-sep-2020"
"25","665804350","Aotus nigriceps Dollman, 1909",-10.066667,-75.533333,"cdround,gass84,colmafu,inmafu","41fc5c40-5e81-496f-9733-6b5681b3b7a5","7b8aff00-a9f8-11d8-944b-b8a03c50a862","3b84ff5b-79ce-427c-acb7-b4004e160f66","US","DWC_ARCHIVE","2021-03-28T07:21:58.756+00:00","2021-03-30T10:22:14.405+00:00",195,"7b8aff00-a9f8-11d8-944b-b8a03c50a862","PRESERVED_SPECIMEN","PRESENT",5219595,1,44,359,798,3239574,2436667,5219595,5219595,"Aotus nigriceps Dollman, 1909","Animalia","Chordata","Primates","Aotidae","Aotus","Aotus nigriceps","Aotus","nigriceps","SPECIES","ACCEPTED","LC",NA,NA,"Pasco",1923,2,12,"1923-02-12T00:00:00",NA,"2021-03-30T10:22:14.405+00:00",NA,"http://creativecommons.org/publicdomain/zero/1.0/legalcode","none","none","none",FALSE,"WGS84","Mammalia","PER",NA,NA,NA,NA,"Peru","The Field Museum of Natural History","46746afa-7c76-4f60-b5ef-f692b5e742d5",NA,NA,NA,NA,"Mammals","665804350","46746afa-7c76-4f60-b5ef-f692b5e742d5",NA,"E. H. Heller","35100",NA,"FMNH",NA,NA,NA,NA,"Aotus nigriceps Dollman, 1909",NA,NA,"SOUTH_AMERICA","none","none",NA,"Pozuzo","Animalia Chordata Mammalia Primates Aotidae",NA,1000,NA,"e71f36f1-e271-4720-a604-3c5a1418e7aa","FMNH",NA,"Oxapampa","en","PhysicalObject","Mammals",NA,"99d66b6c-9087-452f-a9d4-f15f2c2d0e7e",NA,"7185",NA,"South America, Peru, Pasco, Oxapampa, Neotropics: Pozuzo",NA,"12","http://fieldmuseum.org/about/copyright-information",NA,NA,NA,NA,NA,NA,"skin",NA,NA,"not recorded",NA,NA,NA,"2534326",NA,NA,NA,"6999cd7a-b2a3-4f56-b5c4-0b0f1b70adba","119373","decimal degrees","FMNH","mammals-24-sep-2020"
"26","665804351","Aotus nigriceps Dollman, 1909",-10.066666,-75.533333,"cdround,gass84,colmafu,inmafu","41fc5c40-5e81-496f-9733-6b5681b3b7a5","7b8aff00-a9f8-11d8-944b-b8a03c50a862","3b84ff5b-79ce-427c-acb7-b4004e160f66","US","DWC_ARCHIVE","2021-03-28T07:21:58.756+00:00","2021-03-30T10:22:14.471+00:00",195,"7b8aff00-a9f8-11d8-944b-b8a03c50a862","PRESERVED_SPECIMEN","PRESENT",5219595,1,44,359,798,3239574,2436667,5219595,5219595,"Aotus nigriceps Dollman, 1909","Animalia","Chordata","Primates","Aotidae","Aotus","Aotus nigriceps","Aotus","nigriceps","SPECIES","ACCEPTED","LC",NA,NA,"Pasco",1923,2,12,"1923-02-12T00:00:00",NA,"2021-03-30T10:22:14.471+00:00",NA,"http://creativecommons.org/publicdomain/zero/1.0/legalcode","none","none","none",FALSE,"WGS84","Mammalia","PER",NA,NA,NA,NA,"Peru","The Field Museum of Natural History","42e514ab-d39f-418a-9e40-7dc4e95723b6",NA,NA,NA,NA,"Mammals","665804351","42e514ab-d39f-418a-9e40-7dc4e95723b6",NA,"E. H. Heller","35101",NA,"FMNH",NA,NA,NA,NA,"Aotus nigriceps Dollman, 1909",NA,NA,"SOUTH_AMERICA","none","none",NA,"Pozuzo","Animalia Chordata Mammalia Primates Aotidae",NA,1000,NA,"e71f36f1-e271-4720-a604-3c5a1418e7aa","FMNH",NA,"Oxapampa","en","PhysicalObject","Mammals",NA,"99d66b6c-9087-452f-a9d4-f15f2c2d0e7e",NA,"7186",NA,"South America, Peru, Pasco, Oxapampa, Neotropics: Pozuzo",NA,"12","http://fieldmuseum.org/about/copyright-information",NA,NA,NA,NA,NA,NA,"skin",NA,NA,"not recorded",NA,NA,NA,"2534327",NA,NA,NA,"6999cd7a-b2a3-4f56-b5c4-0b0f1b70adba","119374","decimal degrees","FMNH","mammals-24-sep-2020"
"27","665804352","Aotus nigriceps Dollman, 1909",-10.066666,-75.533333,"cdround,gass84,colmafu,inmafu","41fc5c40-5e81-496f-9733-6b5681b3b7a5","7b8aff00-a9f8-11d8-944b-b8a03c50a862","3b84ff5b-79ce-427c-acb7-b4004e160f66","US","DWC_ARCHIVE","2021-03-28T07:21:58.756+00:00","2021-03-30T10:22:13.952+00:00",195,"7b8aff00-a9f8-11d8-944b-b8a03c50a862","PRESERVED_SPECIMEN","PRESENT",5219595,1,44,359,798,3239574,2436667,5219595,5219595,"Aotus nigriceps Dollman, 1909","Animalia","Chordata","Primates","Aotidae","Aotus","Aotus nigriceps","Aotus","nigriceps","SPECIES","ACCEPTED","LC",NA,NA,"Pasco",1923,2,12,"1923-02-12T00:00:00",NA,"2021-03-30T10:22:13.952+00:00",NA,"http://creativecommons.org/publicdomain/zero/1.0/legalcode","none","none","none",FALSE,"WGS84","Mammalia","PER",NA,NA,NA,NA,"Peru","The Field Museum of Natural History","171d5ada-46c1-4122-bdac-568b97ae6a77",NA,NA,NA,NA,"Mammals","665804352","171d5ada-46c1-4122-bdac-568b97ae6a77",NA,"E. H. Heller","35102",NA,"FMNH",NA,NA,NA,NA,"Aotus nigriceps Dollman, 1909",NA,NA,"SOUTH_AMERICA","none","none",NA,"Pozuzo","Animalia Chordata Mammalia Primates Aotidae",NA,1000,NA,"e71f36f1-e271-4720-a604-3c5a1418e7aa","FMNH",NA,"Oxapampa","en","PhysicalObject","Mammals",NA,"99d66b6c-9087-452f-a9d4-f15f2c2d0e7e",NA,"7187",NA,"South America, Peru, Pasco, Oxapampa, Neotropics: Pozuzo",NA,"12","http://fieldmuseum.org/about/copyright-information",NA,NA,NA,NA,NA,NA,"skin",NA,NA,"not recorded",NA,NA,NA,"2534328",NA,NA,NA,"6999cd7a-b2a3-4f56-b5c4-0b0f1b70adba","119375","decimal degrees","FMNH","mammals-24-sep-2020"
"28","665804355","Aotus nigriceps Dollman, 1909",-10.066666,-75.533333,"cdround,gass84,colmafu,inmafu","41fc5c40-5e81-496f-9733-6b5681b3b7a5","7b8aff00-a9f8-11d8-944b-b8a03c50a862","3b84ff5b-79ce-427c-acb7-b4004e160f66","US","DWC_ARCHIVE","2021-03-28T07:21:58.756+00:00","2021-03-30T10:22:13.886+00:00",195,"7b8aff00-a9f8-11d8-944b-b8a03c50a862","PRESERVED_SPECIMEN","PRESENT",5219595,1,44,359,798,3239574,2436667,5219595,5219595,"Aotus nigriceps Dollman, 1909","Animalia","Chordata","Primates","Aotidae","Aotus","Aotus nigriceps","Aotus","nigriceps","SPECIES","ACCEPTED","LC",NA,NA,"Pasco",1923,2,12,"1923-02-12T00:00:00",NA,"2021-03-30T10:22:13.886+00:00",NA,"http://creativecommons.org/publicdomain/zero/1.0/legalcode","none","none","none",FALSE,"WGS84","Mammalia","PER",NA,NA,NA,NA,"Peru","The Field Museum of Natural History","045baad3-7994-4902-9b1e-f806bf1fde51",NA,NA,NA,NA,"Mammals","665804355","045baad3-7994-4902-9b1e-f806bf1fde51",NA,"E. H. Heller","35105",NA,"FMNH",NA,NA,NA,NA,"Aotus nigriceps Dollman, 1909",NA,NA,"SOUTH_AMERICA","none","none",NA,"Pozuzo","Animalia Chordata Mammalia Primates Aotidae",NA,1000,NA,"e71f36f1-e271-4720-a604-3c5a1418e7aa","FMNH",NA,"Oxapampa","en","PhysicalObject","Mammals",NA,"99d66b6c-9087-452f-a9d4-f15f2c2d0e7e",NA,"7050",NA,"South America, Peru, Pasco, Oxapampa, Neotropics: Pozuzo",NA,"12","http://fieldmuseum.org/about/copyright-information",NA,NA,NA,NA,NA,NA,"skin,skull",NA,NA,"not recorded",NA,NA,NA,"2534331",NA,NA,NA,"6999cd7a-b2a3-4f56-b5c4-0b0f1b70adba","119378","decimal degrees","FMNH","mammals-24-sep-2020"
"29","665804371","Aotus nigriceps Dollman, 1909",-10.066666,-75.533333,"cdround,gass84,colmafu,inmafu","41fc5c40-5e81-496f-9733-6b5681b3b7a5","7b8aff00-a9f8-11d8-944b-b8a03c50a862","3b84ff5b-79ce-427c-acb7-b4004e160f66","US","DWC_ARCHIVE","2021-03-28T07:21:58.756+00:00","2021-03-30T10:22:12.501+00:00",195,"7b8aff00-a9f8-11d8-944b-b8a03c50a862","PRESERVED_SPECIMEN","PRESENT",5219595,1,44,359,798,3239574,2436667,5219595,5219595,"Aotus nigriceps Dollman, 1909","Animalia","Chordata","Primates","Aotidae","Aotus","Aotus nigriceps","Aotus","nigriceps","SPECIES","ACCEPTED","LC",NA,NA,"Pasco",1923,2,2,"1923-02-02T00:00:00",NA,"2021-03-30T10:22:12.501+00:00",NA,"http://creativecommons.org/publicdomain/zero/1.0/legalcode","none","none","none",FALSE,"WGS84","Mammalia","PER",NA,NA,NA,NA,"Peru","The Field Museum of Natural History","467ff7b3-20a8-4fec-850e-3330bdbc6c4d",NA,NA,NA,NA,"Mammals","665804371","467ff7b3-20a8-4fec-850e-3330bdbc6c4d",NA,"E. H. Heller","35136",NA,"FMNH",NA,NA,NA,NA,"Aotus nigriceps Dollman, 1909",NA,NA,"SOUTH_AMERICA","none","none",NA,"Pozuzo","Animalia Chordata Mammalia Primates Aotidae",NA,1000,NA,"e71f36f1-e271-4720-a604-3c5a1418e7aa","FMNH",NA,"Oxapampa","en","PhysicalObject","Mammals",NA,"99d66b6c-9087-452f-a9d4-f15f2c2d0e7e",NA,"7050",NA,"South America, Peru, Pasco, Oxapampa, Neotropics: Pozuzo",NA,"2","http://fieldmuseum.org/about/copyright-information",NA,NA,NA,NA,NA,NA,"skull",NA,NA,"not recorded",NA,NA,NA,"2534362",NA,NA,NA,"6999cd7a-b2a3-4f56-b5c4-0b0f1b70adba","119390","decimal degrees","FMNH","mammals-24-sep-2020"
"30","665804354","Aotus nigriceps Dollman, 1909",-9.9,-74.966667,"cdround,gass84,colmafu,inmafu","41fc5c40-5e81-496f-9733-6b5681b3b7a5","7b8aff00-a9f8-11d8-944b-b8a03c50a862","3b84ff5b-79ce-427c-acb7-b4004e160f66","US","DWC_ARCHIVE","2021-03-28T07:21:58.756+00:00","2021-03-30T10:22:18.188+00:00",195,"7b8aff00-a9f8-11d8-944b-b8a03c50a862","PRESERVED_SPECIMEN","PRESENT",5219595,1,44,359,798,3239574,2436667,5219595,5219595,"Aotus nigriceps Dollman, 1909","Animalia","Chordata","Primates","Aotidae","Aotus","Aotus nigriceps","Aotus","nigriceps","SPECIES","ACCEPTED","LC",NA,NA,"Pasco",1923,3,5,"1923-03-05T00:00:00",NA,"2021-03-30T10:22:18.188+00:00",NA,"http://creativecommons.org/publicdomain/zero/1.0/legalcode","none","none","none",FALSE,"WGS84","Mammalia","PER",NA,NA,NA,NA,"Peru","The Field Museum of Natural History","ccbf04d7-d762-40bd-93b3-a00ab12be7ae",NA,NA,NA,NA,"Mammals","665804354","ccbf04d7-d762-40bd-93b3-a00ab12be7ae",NA,"E. H. Heller","35104",NA,"FMNH",NA,NA,NA,NA,"Aotus nigriceps Dollman, 1909",NA,NA,"SOUTH_AMERICA","none","none",NA,"Puerto Victoria","Animalia Chordata Mammalia Primates Aotidae",NA,100,NA,"e71f36f1-e271-4720-a604-3c5a1418e7aa","FMNH",NA,"Oxapampa","en","PhysicalObject","Mammals",NA,"99d66b6c-9087-452f-a9d4-f15f2c2d0e7e",NA,"7510",NA,"South America, Peru, Pasco, Oxapampa, Neotropics: Puerto Victoria",NA,"5","http://fieldmuseum.org/about/copyright-information",NA,"MALE",NA,NA,NA,NA,"skull",NA,NA,"not recorded",NA,NA,NA,"2534330",NA,NA,NA,"6999cd7a-b2a3-4f56-b5c4-0b0f1b70adba","119377","decimal degrees","FMNH","mammals-24-sep-2020"
"31","665804372","Aotus nigriceps Dollman, 1909",-9.9,-74.966667,"cdround,gass84,colmafu,inmafu","41fc5c40-5e81-496f-9733-6b5681b3b7a5","7b8aff00-a9f8-11d8-944b-b8a03c50a862","3b84ff5b-79ce-427c-acb7-b4004e160f66","US","DWC_ARCHIVE","2021-03-28T07:21:58.756+00:00","2021-03-30T10:22:11.267+00:00",195,"7b8aff00-a9f8-11d8-944b-b8a03c50a862","PRESERVED_SPECIMEN","PRESENT",5219595,1,44,359,798,3239574,2436667,5219595,5219595,"Aotus nigriceps Dollman, 1909","Animalia","Chordata","Primates","Aotidae","Aotus","Aotus nigriceps","Aotus","nigriceps","SPECIES","ACCEPTED","LC",NA,NA,"Pasco",1923,3,5,"1923-03-05T00:00:00",NA,"2021-03-30T10:22:11.267+00:00",NA,"http://creativecommons.org/publicdomain/zero/1.0/legalcode","none","none","none",FALSE,"WGS84","Mammalia","PER",NA,NA,NA,NA,"Peru","The Field Museum of Natural History","09ac9c62-9882-426f-8600-8b0d0eaf28be",NA,NA,NA,NA,"Mammals","665804372","09ac9c62-9882-426f-8600-8b0d0eaf28be",NA,"E. H. Heller","35137",NA,"FMNH",NA,NA,NA,NA,"Aotus nigriceps Dollman, 1909",NA,NA,"SOUTH_AMERICA","none","none",NA,"Puerto Victoria","Animalia Chordata Mammalia Primates Aotidae",NA,100,NA,"e71f36f1-e271-4720-a604-3c5a1418e7aa","FMNH",NA,"Oxapampa","en","PhysicalObject","Mammals",NA,"99d66b6c-9087-452f-a9d4-f15f2c2d0e7e",NA,"7510",NA,"South America, Peru, Pasco, Oxapampa, Neotropics: Puerto Victoria",NA,"5","http://fieldmuseum.org/about/copyright-information",NA,"MALE",NA,NA,NA,NA,"skull",NA,NA,"not recorded",NA,NA,NA,"2534363",NA,NA,NA,"6999cd7a-b2a3-4f56-b5c4-0b0f1b70adba","119391","decimal degrees","FMNH","mammals-24-sep-2020"
