"","key","scientificName","decimalLatitude","decimalLongitude","issues","datasetKey","publishingOrgKey","installationKey","publishingCountry","protocol","lastCrawled","lastParsed","crawlId","hostingOrganizationKey","basisOfRecord","occurrenceStatus","taxonKey","kingdomKey","phylumKey","classKey","orderKey","familyKey","genusKey","speciesKey","acceptedTaxonKey","acceptedScientificName","kingdom","phylum","order","family","genus","species","genericName","specificEpithet","taxonRank","taxonomicStatus","iucnRedListCategory","dateIdentified","coordinateUncertaintyInMeters","stateProvince","year","month","day","eventDate","modified","lastInterpreted","references","license","identifiers","facts","relations","isInCluster","geodeticDatum","class","countryCode","recordedByIDs","identifiedByIDs","country","rightsHolder","identifier","http...unknown.org.nick","verbatimEventDate","datasetName","verbatimLocality","collectionCode","gbifID","occurrenceID","taxonID","recordedBy","catalogNumber","http...unknown.org.occurrenceDetails","institutionCode","rights","eventTime","identifiedBy","identificationID","name","infraspecificEpithet","informationWithheld","occurrenceRemarks","individualCount","lifeStage","continent","vernacularName","locality","higherClassification","identifiedByIDs.type","identifiedByIDs.value","projectId","elevation","elevationAccuracy","organismQuantity","organismQuantityType","http...rs.tdwg.org.dwc.terms.organismQuantity","habitat","institutionID","samplingEffort","county","language","type","taxonRemarks","http...rs.tdwg.org.dwc.terms.organismQuantityType","nomenclaturalCode","georeferencedBy","endDayOfYear","georeferenceVerificationStatus","verbatimSRS","verbatimCoordinateSystem","pointRadiusSpatialFit","footprintSRS","locationID","startDayOfYear","footprintSpatialFit","samplingProtocol","recordedByIDs.type","recordedByIDs.value","municipality","locationRemarks","collectionID","originalNameUsage","sex","associatedReferences","X.99d66b6c.9087.452f.a9d4.f15f2c2d0e7e.","establishmentMeans","institutionKey","collectionKey","higherGeography","accessRights","georeferencedDate","preparations","dynamicProperties","identificationVerificationStatus","locationAccordingTo","identificationRemarks","georeferenceProtocol","otherCatalogNumbers","organismID","previousIdentifications","identificationQualifier","georeferenceSources","disposition","verbatimTaxonRank","recordNumber","fieldNotes","waterBody","fieldNumber","ownerInstitutionCode","datasetID","associatedOccurrences","X.17abcf75.2f1e.46dd.bf75.a5b21dd02655.","typeStatus"
"1","1563123742","Leontocebus nigricollis (Spix, 1823)",-3.57045,-69.887783,"cdround,gass84,colmano,inmano","e307fa47-ae87-4fc9-a1a5-b1415adac8be","76513b28-548d-480a-8859-bd7f45f8724b","68845aab-a453-4816-b36d-a3ec8455deb0","CO","DWC_ARCHIVE","2021-03-03T20:14:42.603+00:00","2021-03-09T12:28:33.122+00:00",180,"c4f66525-4d36-4c18-82ac-98e088f54db4","HUMAN_OBSERVATION","PRESENT",8628111,1,44,359,798,9620,5428933,8628111,8628111,"Leontocebus nigricollis (Spix, 1823)","Animalia","Chordata","Primates","Callitrichidae","Leontocebus","Leontocebus nigricollis","Leontocebus","nigricollis","SPECIES","ACCEPTED","LC","2007-01-06T00:00:00",NA,"Amazonas",2007,1,6,"2007-01-06T00:00:00",NA,"2021-03-09T12:28:33.122+00:00",NA,"http://creativecommons.org/licenses/by-nc/4.0/legalcode","none","none","none",FALSE,"WGS84","Mammalia","COL","none","none","Colombia",NA,"Ome:Primates:Primates25",NA,NA,NA,NA,"Primates","1563123742","Ome:Primates:Primates25",NA,"聲gela Maldonado","Primates25",NA,"Ome",NA,"7:00/7:59","聲gela Maldonado",NA,"Leontocebus nigricollis (Spix, 1823)",NA,NA,NA,8,NA,"SOUTH_AMERICA","Tamarin",NA,NA,NA,NA,NA,74.9,0,NA,NA,NA,NA,"900.136.118-1","4:11:00 h","Leticia","es","Evento",NA,NA,NA,"聲gela Maldonado",NA,NA,NA,NA,NA,NA,NA,NA,NA,NA,NA,NA,"Leticia","Trocha:M",NA,"Saguinus nigricollis",NA,NA,NA,NA,NA,NA,NA,NA,NA,NA,NA,NA,NA,NA,NA,NA,NA,NA,NA,NA,NA,NA,NA,NA,NA,NA,NA,NA,NA,NA,NA
"2","1563123754","Leontocebus nigricollis (Spix, 1823)",-3.57045,-69.887783,"cdround,gass84,colmano,inmano","e307fa47-ae87-4fc9-a1a5-b1415adac8be","76513b28-548d-480a-8859-bd7f45f8724b","68845aab-a453-4816-b36d-a3ec8455deb0","CO","DWC_ARCHIVE","2021-03-03T20:14:42.603+00:00","2021-03-09T12:28:33.176+00:00",180,"c4f66525-4d36-4c18-82ac-98e088f54db4","HUMAN_OBSERVATION","PRESENT",8628111,1,44,359,798,9620,5428933,8628111,8628111,"Leontocebus nigricollis (Spix, 1823)","Animalia","Chordata","Primates","Callitrichidae","Leontocebus","Leontocebus nigricollis","Leontocebus","nigricollis","SPECIES","ACCEPTED","LC","2007-01-13T00:00:00",NA,"Amazonas",2007,1,13,"2007-01-13T00:00:00",NA,"2021-03-09T12:28:33.176+00:00",NA,"http://creativecommons.org/licenses/by-nc/4.0/legalcode","none","none","none",FALSE,"WGS84","Mammalia","COL","none","none","Colombia",NA,"Ome:Primates:Primates51",NA,NA,NA,NA,"Primates","1563123754","Ome:Primates:Primates51",NA,"聲gela Maldonado","Primates51",NA,"Ome",NA,"7:00/7:59","聲gela Maldonado",NA,"Leontocebus nigricollis (Spix, 1823)",NA,NA,NA,6,NA,"SOUTH_AMERICA","Tamarin",NA,NA,NA,NA,NA,74.9,0,NA,NA,NA,NA,"900.136.118-1","3:02:00 h","Leticia","es","Evento",NA,NA,NA,"聲gela Maldonado",NA,NA,NA,NA,NA,NA,NA,NA,NA,NA,NA,NA,"Leticia","Trocha:M",NA,"Saguinus nigricollis",NA,NA,NA,NA,NA,NA,NA,NA,NA,NA,NA,NA,NA,NA,NA,NA,NA,NA,NA,NA,NA,NA,NA,NA,NA,NA,NA,NA,NA,NA,NA
"3","1563123759","Leontocebus nigricollis (Spix, 1823)",-3.548333,-69.88515,"cdround,gass84,colmano,inmano","e307fa47-ae87-4fc9-a1a5-b1415adac8be","76513b28-548d-480a-8859-bd7f45f8724b","68845aab-a453-4816-b36d-a3ec8455deb0","CO","DWC_ARCHIVE","2021-03-03T20:14:42.603+00:00","2021-03-09T12:28:33.170+00:00",180,"c4f66525-4d36-4c18-82ac-98e088f54db4","HUMAN_OBSERVATION","PRESENT",8628111,1,44,359,798,9620,5428933,8628111,8628111,"Leontocebus nigricollis (Spix, 1823)","Animalia","Chordata","Primates","Callitrichidae","Leontocebus","Leontocebus nigricollis","Leontocebus","nigricollis","SPECIES","ACCEPTED","LC","2007-01-11T00:00:00",NA,"Amazonas",2007,1,11,"2007-01-11T00:00:00",NA,"2021-03-09T12:28:33.170+00:00",NA,"http://creativecommons.org/licenses/by-nc/4.0/legalcode","none","none","none",FALSE,"WGS84","Mammalia","COL","none","none","Colombia",NA,"Ome:Primates:Primates41",NA,NA,NA,NA,"Primates","1563123759","Ome:Primates:Primates41",NA,"聲gela Maldonado","Primates41",NA,"Ome",NA,"9:00/9:59","聲gela Maldonado",NA,"Leontocebus nigricollis (Spix, 1823)",NA,NA,NA,7,NA,"SOUTH_AMERICA","Tamarin",NA,NA,NA,NA,NA,78.6,0,NA,NA,NA,NA,"900.136.118-1","4:21:00 h","Leticia","es","Evento",NA,NA,NA,"聲gela Maldonado",NA,NA,NA,NA,NA,NA,NA,NA,NA,NA,NA,NA,"Leticia","Trocha:H",NA,"Saguinus nigricollis",NA,NA,NA,NA,NA,NA,NA,NA,NA,NA,NA,NA,NA,NA,NA,NA,NA,NA,NA,NA,NA,NA,NA,NA,NA,NA,NA,NA,NA,NA,NA
"4","1563123766","Leontocebus nigricollis (Spix, 1823)",-3.548333,-69.88515,"cdround,gass84,colmano,inmano","e307fa47-ae87-4fc9-a1a5-b1415adac8be","76513b28-548d-480a-8859-bd7f45f8724b","68845aab-a453-4816-b36d-a3ec8455deb0","CO","DWC_ARCHIVE","2021-03-03T20:14:42.603+00:00","2021-03-09T12:28:33.168+00:00",180,"c4f66525-4d36-4c18-82ac-98e088f54db4","HUMAN_OBSERVATION","PRESENT",8628111,1,44,359,798,9620,5428933,8628111,8628111,"Leontocebus nigricollis (Spix, 1823)","Animalia","Chordata","Primates","Callitrichidae","Leontocebus","Leontocebus nigricollis","Leontocebus","nigricollis","SPECIES","ACCEPTED","LC","2007-01-11T00:00:00",NA,"Amazonas",2007,1,11,"2007-01-11T00:00:00",NA,"2021-03-09T12:28:33.168+00:00",NA,"http://creativecommons.org/licenses/by-nc/4.0/legalcode","none","none","none",FALSE,"WGS84","Mammalia","COL","none","none","Colombia",NA,"Ome:Primates:Primates46",NA,NA,NA,NA,"Primates","1563123766","Ome:Primates:Primates46",NA,"聲gela Maldonado","Primates46",NA,"Ome",NA,"10:00/10:59","聲gela Maldonado",NA,"Leontocebus nigricollis (Spix, 1823)",NA,NA,NA,3,NA,"SOUTH_AMERICA","Tamarin",NA,NA,NA,NA,NA,78.6,0,NA,NA,NA,NA,"900.136.118-1","4:21:00 h","Leticia","es","Evento",NA,NA,NA,"聲gela Maldonado",NA,NA,NA,NA,NA,NA,NA,NA,NA,NA,NA,NA,"Leticia","Trocha:H",NA,"Saguinus nigricollis",NA,NA,NA,NA,NA,NA,NA,NA,NA,NA,NA,NA,NA,NA,NA,NA,NA,NA,NA,NA,NA,NA,NA,NA,NA,NA,NA,NA,NA,NA,NA
"5","1563123768","Leontocebus nigricollis (Spix, 1823)",-3.57045,-69.887783,"cdround,gass84,colmano,inmano","e307fa47-ae87-4fc9-a1a5-b1415adac8be","76513b28-548d-480a-8859-bd7f45f8724b","68845aab-a453-4816-b36d-a3ec8455deb0","CO","DWC_ARCHIVE","2021-03-03T20:14:42.603+00:00","2021-03-09T12:28:33.176+00:00",180,"c4f66525-4d36-4c18-82ac-98e088f54db4","HUMAN_OBSERVATION","PRESENT",8628111,1,44,359,798,9620,5428933,8628111,8628111,"Leontocebus nigricollis (Spix, 1823)","Animalia","Chordata","Primates","Callitrichidae","Leontocebus","Leontocebus nigricollis","Leontocebus","nigricollis","SPECIES","ACCEPTED","LC","2007-01-12T00:00:00",NA,"Amazonas",2007,1,12,"2007-01-12T00:00:00",NA,"2021-03-09T12:28:33.176+00:00",NA,"http://creativecommons.org/licenses/by-nc/4.0/legalcode","none","none","none",FALSE,"WGS84","Mammalia","COL","none","none","Colombia",NA,"Ome:Primates:Primates50",NA,NA,NA,NA,"Primates","1563123768","Ome:Primates:Primates50",NA,"聲gela Maldonado","Primates50",NA,"Ome",NA,"14:00/14:59","聲gela Maldonado",NA,"Leontocebus nigricollis (Spix, 1823)",NA,NA,NA,2,NA,"SOUTH_AMERICA","Tamarin",NA,NA,NA,NA,NA,74.9,0,NA,NA,NA,NA,"900.136.118-1",NA,"Leticia","es","Evento",NA,NA,NA,"聲gela Maldonado",NA,NA,NA,NA,NA,NA,NA,NA,NA,NA,NA,NA,"Leticia","Trocha:M",NA,"Saguinus nigricollis",NA,NA,NA,NA,NA,NA,NA,NA,NA,NA,NA,NA,NA,NA,NA,NA,NA,NA,NA,NA,NA,NA,NA,NA,NA,NA,NA,NA,NA,NA,NA
"6","1563123770","Leontocebus nigricollis (Spix, 1823)",-3.57045,-69.887783,"cdround,gass84,colmano,inmano","e307fa47-ae87-4fc9-a1a5-b1415adac8be","76513b28-548d-480a-8859-bd7f45f8724b","68845aab-a453-4816-b36d-a3ec8455deb0","CO","DWC_ARCHIVE","2021-03-03T20:14:42.603+00:00","2021-03-09T12:28:33.163+00:00",180,"c4f66525-4d36-4c18-82ac-98e088f54db4","HUMAN_OBSERVATION","PRESENT",8628111,1,44,359,798,9620,5428933,8628111,8628111,"Leontocebus nigricollis (Spix, 1823)","Animalia","Chordata","Primates","Callitrichidae","Leontocebus","Leontocebus nigricollis","Leontocebus","nigricollis","SPECIES","ACCEPTED","LC","2007-01-10T00:00:00",NA,"Amazonas",2007,1,10,"2007-01-10T00:00:00",NA,"2021-03-09T12:28:33.163+00:00",NA,"http://creativecommons.org/licenses/by-nc/4.0/legalcode","none","none","none",FALSE,"WGS84","Mammalia","COL","none","none","Colombia",NA,"Ome:Primates:Primates35",NA,NA,NA,NA,"Primates","1563123770","Ome:Primates:Primates35",NA,"聲gela Maldonado","Primates35",NA,"Ome",NA,"8:00/8:59","聲gela Maldonado",NA,"Leontocebus nigricollis (Spix, 1823)",NA,NA,NA,4,NA,"SOUTH_AMERICA","Tamarin",NA,NA,NA,NA,NA,74.9,0,NA,NA,NA,NA,"900.136.118-1","4:09:00 h","Leticia","es","Evento",NA,NA,NA,"聲gela Maldonado",NA,NA,NA,NA,NA,NA,NA,NA,NA,NA,NA,NA,"Leticia","Trocha:M",NA,"Saguinus nigricollis",NA,NA,NA,NA,NA,NA,NA,NA,NA,NA,NA,NA,NA,NA,NA,NA,NA,NA,NA,NA,NA,NA,NA,NA,NA,NA,NA,NA,NA,NA,NA
"7","1563123776","Leontocebus nigricollis (Spix, 1823)",-3.57045,-69.887783,"cdround,gass84,colmano,inmano","e307fa47-ae87-4fc9-a1a5-b1415adac8be","76513b28-548d-480a-8859-bd7f45f8724b","68845aab-a453-4816-b36d-a3ec8455deb0","CO","DWC_ARCHIVE","2021-03-03T20:14:42.603+00:00","2021-03-09T12:28:33.162+00:00",180,"c4f66525-4d36-4c18-82ac-98e088f54db4","HUMAN_OBSERVATION","PRESENT",8628111,1,44,359,798,9620,5428933,8628111,8628111,"Leontocebus nigricollis (Spix, 1823)","Animalia","Chordata","Primates","Callitrichidae","Leontocebus","Leontocebus nigricollis","Leontocebus","nigricollis","SPECIES","ACCEPTED","LC","2007-01-10T00:00:00",NA,"Amazonas",2007,1,10,"2007-01-10T00:00:00",NA,"2021-03-09T12:28:33.162+00:00",NA,"http://creativecommons.org/licenses/by-nc/4.0/legalcode","none","none","none",FALSE,"WGS84","Mammalia","COL","none","none","Colombia",NA,"Ome:Primates:Primates38",NA,NA,NA,NA,"Primates","1563123776","Ome:Primates:Primates38",NA,"聲gela Maldonado","Primates38",NA,"Ome",NA,"9:00/9:59","聲gela Maldonado",NA,"Leontocebus nigricollis (Spix, 1823)",NA,NA,NA,6,NA,"SOUTH_AMERICA","Tamarin",NA,NA,NA,NA,NA,74.9,0,NA,NA,NA,NA,"900.136.118-1","4:09:00 h","Leticia","es","Evento",NA,NA,NA,"聲gela Maldonado",NA,NA,NA,NA,NA,NA,NA,NA,NA,NA,NA,NA,"Leticia","Trocha:M",NA,"Saguinus nigricollis",NA,NA,NA,NA,NA,NA,NA,NA,NA,NA,NA,NA,NA,NA,NA,NA,NA,NA,NA,NA,NA,NA,NA,NA,NA,NA,NA,NA,NA,NA,NA
"8","1563123784","Leontocebus nigricollis (Spix, 1823)",-3.57045,-69.887783,"cdround,gass84,colmano,inmano","e307fa47-ae87-4fc9-a1a5-b1415adac8be","76513b28-548d-480a-8859-bd7f45f8724b","68845aab-a453-4816-b36d-a3ec8455deb0","CO","DWC_ARCHIVE","2021-03-03T20:14:42.603+00:00","2021-03-09T12:28:33.218+00:00",180,"c4f66525-4d36-4c18-82ac-98e088f54db4","HUMAN_OBSERVATION","PRESENT",8628111,1,44,359,798,9620,5428933,8628111,8628111,"Leontocebus nigricollis (Spix, 1823)","Animalia","Chordata","Primates","Callitrichidae","Leontocebus","Leontocebus nigricollis","Leontocebus","nigricollis","SPECIES","ACCEPTED","LC","2007-01-03T00:00:00",NA,"Amazonas",2007,1,3,"2007-01-03T00:00:00",NA,"2021-03-09T12:28:33.218+00:00",NA,"http://creativecommons.org/licenses/by-nc/4.0/legalcode","none","none","none",FALSE,"WGS84","Mammalia","COL","none","none","Colombia",NA,"Ome:Primates:Primates76",NA,NA,NA,NA,"Primates","1563123784","Ome:Primates:Primates76",NA,"Francisco del Aguila","Primates76",NA,"Ome",NA,"11:00/11:59","Francisco del Aguila",NA,"Leontocebus nigricollis (Spix, 1823)",NA,NA,NA,4,NA,"SOUTH_AMERICA","Tamarin",NA,NA,NA,NA,NA,74.9,0,NA,NA,NA,NA,"900.136.118-1","1:00:00 h","Leticia","es","Evento",NA,NA,NA,"Francisco del Aguila",NA,NA,NA,NA,NA,NA,NA,NA,NA,NA,NA,NA,"Leticia","Trocha:M",NA,"Saguinus nigricollis",NA,NA,NA,NA,NA,NA,NA,NA,NA,NA,NA,NA,NA,NA,NA,NA,NA,NA,NA,NA,NA,NA,NA,NA,NA,NA,NA,NA,NA,NA,NA
"9","1563123788","Leontocebus nigricollis (Spix, 1823)",-3.548333,-69.88515,"cdround,gass84,colmano,inmano","e307fa47-ae87-4fc9-a1a5-b1415adac8be","76513b28-548d-480a-8859-bd7f45f8724b","68845aab-a453-4816-b36d-a3ec8455deb0","CO","DWC_ARCHIVE","2021-03-03T20:14:42.603+00:00","2021-03-09T12:28:33.217+00:00",180,"c4f66525-4d36-4c18-82ac-98e088f54db4","HUMAN_OBSERVATION","PRESENT",8628111,1,44,359,798,9620,5428933,8628111,8628111,"Leontocebus nigricollis (Spix, 1823)","Animalia","Chordata","Primates","Callitrichidae","Leontocebus","Leontocebus nigricollis","Leontocebus","nigricollis","SPECIES","ACCEPTED","LC","2007-01-01T00:00:00",NA,"Amazonas",2007,1,1,"2007-01-01T00:00:00",NA,"2021-03-09T12:28:33.217+00:00",NA,"http://creativecommons.org/licenses/by-nc/4.0/legalcode","none","none","none",FALSE,"WGS84","Mammalia","COL","none","none","Colombia",NA,"Ome:Primates:Primates72",NA,NA,NA,NA,"Primates","1563123788","Ome:Primates:Primates72",NA,"Francisco del Aguila","Primates72",NA,"Ome",NA,"14:00/14:59","Francisco del Aguila",NA,"Leontocebus nigricollis (Spix, 1823)",NA,NA,NA,10,NA,"SOUTH_AMERICA","Tamarin",NA,NA,NA,NA,NA,78.6,0,NA,NA,NA,NA,"900.136.118-1","2:21:00 h","Leticia","es","Evento",NA,NA,NA,"Francisco del Aguila",NA,NA,NA,NA,NA,NA,NA,NA,NA,NA,NA,NA,"Leticia","Trocha:H",NA,"Saguinus nigricollis",NA,NA,NA,NA,NA,NA,NA,NA,NA,NA,NA,NA,NA,NA,NA,NA,NA,NA,NA,NA,NA,NA,NA,NA,NA,NA,NA,NA,NA,NA,NA
"10","1563123791","Leontocebus nigricollis (Spix, 1823)",-3.548333,-69.88515,"cdround,gass84,colmano,inmano","e307fa47-ae87-4fc9-a1a5-b1415adac8be","76513b28-548d-480a-8859-bd7f45f8724b","68845aab-a453-4816-b36d-a3ec8455deb0","CO","DWC_ARCHIVE","2021-03-03T20:14:42.603+00:00","2021-03-09T12:28:33.118+00:00",180,"c4f66525-4d36-4c18-82ac-98e088f54db4","HUMAN_OBSERVATION","PRESENT",8628111,1,44,359,798,9620,5428933,8628111,8628111,"Leontocebus nigricollis (Spix, 1823)","Animalia","Chordata","Primates","Callitrichidae","Leontocebus","Leontocebus nigricollis","Leontocebus","nigricollis","SPECIES","ACCEPTED","LC","2007-01-18T00:00:00",NA,"Amazonas",2007,1,18,"2007-01-18T00:00:00",NA,"2021-03-09T12:28:33.118+00:00",NA,"http://creativecommons.org/licenses/by-nc/4.0/legalcode","none","none","none",FALSE,"WGS84","Mammalia","COL","none","none","Colombia",NA,"Ome:Primates:Primates102",NA,NA,NA,NA,"Primates","1563123791","Ome:Primates:Primates102",NA,"Francisco del Aguila","Primates102",NA,"Ome",NA,"8:00/8:59","Francisco del Aguila",NA,"Leontocebus nigricollis (Spix, 1823)",NA,NA,NA,2,NA,"SOUTH_AMERICA","Tamarin",NA,NA,NA,NA,NA,78.6,0,NA,NA,NA,NA,"900.136.118-1","4:44:00 h","Leticia","es","Evento",NA,NA,NA,"Francisco del Aguila",NA,NA,NA,NA,NA,NA,NA,NA,NA,NA,NA,NA,"Leticia","Trocha:H",NA,"Saguinus nigricollis",NA,NA,NA,NA,NA,NA,NA,NA,NA,NA,NA,NA,NA,NA,NA,NA,NA,NA,NA,NA,NA,NA,NA,NA,NA,NA,NA,NA,NA,NA,NA
"11","1563123799","Leontocebus nigricollis (Spix, 1823)",-3.548333,-69.88515,"cdround,gass84,colmano,inmano","e307fa47-ae87-4fc9-a1a5-b1415adac8be","76513b28-548d-480a-8859-bd7f45f8724b","68845aab-a453-4816-b36d-a3ec8455deb0","CO","DWC_ARCHIVE","2021-03-03T20:14:42.603+00:00","2021-03-09T12:28:33.222+00:00",180,"c4f66525-4d36-4c18-82ac-98e088f54db4","HUMAN_OBSERVATION","PRESENT",8628111,1,44,359,798,9620,5428933,8628111,8628111,"Leontocebus nigricollis (Spix, 1823)","Animalia","Chordata","Primates","Callitrichidae","Leontocebus","Leontocebus nigricollis","Leontocebus","nigricollis","SPECIES","ACCEPTED","LC","2007-01-16T00:00:00",NA,"Amazonas",2007,1,16,"2007-01-16T00:00:00",NA,"2021-03-09T12:28:33.222+00:00",NA,"http://creativecommons.org/licenses/by-nc/4.0/legalcode","none","none","none",FALSE,"WGS84","Mammalia","COL","none","none","Colombia",NA,"Ome:Primates:Primates97",NA,NA,NA,NA,"Primates","1563123799","Ome:Primates:Primates97",NA,"Francisco del Aguila","Primates97",NA,"Ome",NA,"10:00/10:59","Francisco del Aguila",NA,"Leontocebus nigricollis (Spix, 1823)",NA,NA,NA,6,NA,"SOUTH_AMERICA","Tamarin",NA,NA,NA,NA,NA,78.6,0,NA,NA,NA,NA,"900.136.118-1","6:50:00 h","Leticia","es","Evento",NA,NA,NA,"Francisco del Aguila",NA,NA,NA,NA,NA,NA,NA,NA,NA,NA,NA,NA,"Leticia","Trocha:H",NA,"Saguinus nigricollis",NA,NA,NA,NA,NA,NA,NA,NA,NA,NA,NA,NA,NA,NA,NA,NA,NA,NA,NA,NA,NA,NA,NA,NA,NA,NA,NA,NA,NA,NA,NA
"12","1563123808","Leontocebus nigricollis (Spix, 1823)",-3.548333,-69.88515,"cdround,gass84,colmano,inmano","e307fa47-ae87-4fc9-a1a5-b1415adac8be","76513b28-548d-480a-8859-bd7f45f8724b","68845aab-a453-4816-b36d-a3ec8455deb0","CO","DWC_ARCHIVE","2021-03-03T20:14:42.603+00:00","2021-03-09T12:28:33.217+00:00",180,"c4f66525-4d36-4c18-82ac-98e088f54db4","HUMAN_OBSERVATION","PRESENT",8628111,1,44,359,798,9620,5428933,8628111,8628111,"Leontocebus nigricollis (Spix, 1823)","Animalia","Chordata","Primates","Callitrichidae","Leontocebus","Leontocebus nigricollis","Leontocebus","nigricollis","SPECIES","ACCEPTED","LC","2007-01-04T00:00:00",NA,"Amazonas",2007,1,4,"2007-01-04T00:00:00",NA,"2021-03-09T12:28:33.217+00:00",NA,"http://creativecommons.org/licenses/by-nc/4.0/legalcode","none","none","none",FALSE,"WGS84","Mammalia","COL","none","none","Colombia",NA,"Ome:Primates:Primates80",NA,NA,NA,NA,"Primates","1563123808","Ome:Primates:Primates80",NA,"Francisco del Aguila","Primates80",NA,"Ome",NA,"11:00/11:59","Francisco del Aguila",NA,"Leontocebus nigricollis (Spix, 1823)",NA,NA,NA,4,NA,"SOUTH_AMERICA","Tamarin",NA,NA,NA,NA,NA,78.6,0,NA,NA,NA,NA,"900.136.118-1","5:30:00 h","Leticia","es","Evento",NA,NA,NA,"Francisco del Aguila",NA,NA,NA,NA,NA,NA,NA,NA,NA,NA,NA,NA,"Leticia","Trocha:H",NA,"Saguinus nigricollis",NA,NA,NA,NA,NA,NA,NA,NA,NA,NA,NA,NA,NA,NA,NA,NA,NA,NA,NA,NA,NA,NA,NA,NA,NA,NA,NA,NA,NA,NA,NA
"13","1563123811","Leontocebus nigricollis (Spix, 1823)",-3.548333,-69.88515,"cdround,gass84,colmano,inmano","e307fa47-ae87-4fc9-a1a5-b1415adac8be","76513b28-548d-480a-8859-bd7f45f8724b","68845aab-a453-4816-b36d-a3ec8455deb0","CO","DWC_ARCHIVE","2021-03-03T20:14:42.603+00:00","2021-03-09T12:28:33.220+00:00",180,"c4f66525-4d36-4c18-82ac-98e088f54db4","HUMAN_OBSERVATION","PRESENT",8628111,1,44,359,798,9620,5428933,8628111,8628111,"Leontocebus nigricollis (Spix, 1823)","Animalia","Chordata","Primates","Callitrichidae","Leontocebus","Leontocebus nigricollis","Leontocebus","nigricollis","SPECIES","ACCEPTED","LC","2007-01-09T00:00:00",NA,"Amazonas",2007,1,9,"2007-01-09T00:00:00",NA,"2021-03-09T12:28:33.220+00:00",NA,"http://creativecommons.org/licenses/by-nc/4.0/legalcode","none","none","none",FALSE,"WGS84","Mammalia","COL","none","none","Colombia",NA,"Ome:Primates:Primates86",NA,NA,NA,NA,"Primates","1563123811","Ome:Primates:Primates86",NA,"Francisco del Aguila","Primates86",NA,"Ome",NA,"13:00/13:59","Francisco del Aguila",NA,"Leontocebus nigricollis (Spix, 1823)",NA,NA,NA,4,NA,"SOUTH_AMERICA","Tamarin",NA,NA,NA,NA,NA,78.6,0,NA,NA,NA,NA,"900.136.118-1","4:19:00 h","Leticia","es","Evento",NA,NA,NA,"Francisco del Aguila",NA,NA,NA,NA,NA,NA,NA,NA,NA,NA,NA,NA,"Leticia","Trocha:H",NA,"Saguinus nigricollis",NA,NA,NA,NA,NA,NA,NA,NA,NA,NA,NA,NA,NA,NA,NA,NA,NA,NA,NA,NA,NA,NA,NA,NA,NA,NA,NA,NA,NA,NA,NA
"14","1563123814","Leontocebus nigricollis (Spix, 1823)",-3.548333,-69.88515,"cdround,gass84,colmano,inmano","e307fa47-ae87-4fc9-a1a5-b1415adac8be","76513b28-548d-480a-8859-bd7f45f8724b","68845aab-a453-4816-b36d-a3ec8455deb0","CO","DWC_ARCHIVE","2021-03-03T20:14:42.603+00:00","2021-03-09T12:28:33.222+00:00",180,"c4f66525-4d36-4c18-82ac-98e088f54db4","HUMAN_OBSERVATION","PRESENT",8628111,1,44,359,798,9620,5428933,8628111,8628111,"Leontocebus nigricollis (Spix, 1823)","Animalia","Chordata","Primates","Callitrichidae","Leontocebus","Leontocebus nigricollis","Leontocebus","nigricollis","SPECIES","ACCEPTED","LC","2007-01-12T00:00:00",NA,"Amazonas",2007,1,12,"2007-01-12T00:00:00",NA,"2021-03-09T12:28:33.222+00:00",NA,"http://creativecommons.org/licenses/by-nc/4.0/legalcode","none","none","none",FALSE,"WGS84","Mammalia","COL","none","none","Colombia",NA,"Ome:Primates:Primates93",NA,NA,NA,NA,"Primates","1563123814","Ome:Primates:Primates93",NA,"Francisco del Aguila","Primates93",NA,"Ome",NA,"7:00/7:59","Francisco del Aguila",NA,"Leontocebus nigricollis (Spix, 1823)",NA,NA,NA,5,NA,"SOUTH_AMERICA","Tamarin",NA,NA,NA,NA,NA,78.6,0,NA,NA,NA,NA,"900.136.118-1","2:02:00 h","Leticia","es","Evento",NA,NA,NA,"Francisco del Aguila",NA,NA,NA,NA,NA,NA,NA,NA,NA,NA,NA,NA,"Leticia","Trocha:H",NA,"Saguinus nigricollis",NA,NA,NA,NA,NA,NA,NA,NA,NA,NA,NA,NA,NA,NA,NA,NA,NA,NA,NA,NA,NA,NA,NA,NA,NA,NA,NA,NA,NA,NA,NA
"15","1563123831","Leontocebus nigricollis (Spix, 1823)",-3.548333,-69.88515,"cdround,gass84,colmano,inmano","e307fa47-ae87-4fc9-a1a5-b1415adac8be","76513b28-548d-480a-8859-bd7f45f8724b","68845aab-a453-4816-b36d-a3ec8455deb0","CO","DWC_ARCHIVE","2021-03-03T20:14:42.603+00:00","2021-03-09T12:28:33.118+00:00",180,"c4f66525-4d36-4c18-82ac-98e088f54db4","HUMAN_OBSERVATION","PRESENT",8628111,1,44,359,798,9620,5428933,8628111,8628111,"Leontocebus nigricollis (Spix, 1823)","Animalia","Chordata","Primates","Callitrichidae","Leontocebus","Leontocebus nigricollis","Leontocebus","nigricollis","SPECIES","ACCEPTED","LC","2007-01-18T00:00:00",NA,"Amazonas",2007,1,18,"2007-01-18T00:00:00",NA,"2021-03-09T12:28:33.118+00:00",NA,"http://creativecommons.org/licenses/by-nc/4.0/legalcode","none","none","none",FALSE,"WGS84","Mammalia","COL","none","none","Colombia",NA,"Ome:Primates:Primates103",NA,NA,NA,NA,"Primates","1563123831","Ome:Primates:Primates103",NA,"Francisco del Aguila","Primates103",NA,"Ome",NA,"11:00/11:59","Francisco del Aguila",NA,"Leontocebus nigricollis (Spix, 1823)",NA,NA,NA,5,NA,"SOUTH_AMERICA","Tamarin",NA,NA,NA,NA,NA,78.6,0,NA,NA,NA,NA,"900.136.118-1","4:44:00 h","Leticia","es","Evento",NA,NA,NA,"Francisco del Aguila",NA,NA,NA,NA,NA,NA,NA,NA,NA,NA,NA,NA,"Leticia","Trocha:H",NA,"Saguinus nigricollis",NA,NA,NA,NA,NA,NA,NA,NA,NA,NA,NA,NA,NA,NA,NA,NA,NA,NA,NA,NA,NA,NA,NA,NA,NA,NA,NA,NA,NA,NA,NA
"16","1563123832","Leontocebus nigricollis (Spix, 1823)",-3.548333,-69.88515,"cdround,gass84,colmano,inmano","e307fa47-ae87-4fc9-a1a5-b1415adac8be","76513b28-548d-480a-8859-bd7f45f8724b","68845aab-a453-4816-b36d-a3ec8455deb0","CO","DWC_ARCHIVE","2021-03-03T20:14:42.603+00:00","2021-03-09T12:28:33.217+00:00",180,"c4f66525-4d36-4c18-82ac-98e088f54db4","HUMAN_OBSERVATION","PRESENT",8628111,1,44,359,798,9620,5428933,8628111,8628111,"Leontocebus nigricollis (Spix, 1823)","Animalia","Chordata","Primates","Callitrichidae","Leontocebus","Leontocebus nigricollis","Leontocebus","nigricollis","SPECIES","ACCEPTED","LC","2007-01-04T00:00:00",NA,"Amazonas",2007,1,4,"2007-01-04T00:00:00",NA,"2021-03-09T12:28:33.217+00:00",NA,"http://creativecommons.org/licenses/by-nc/4.0/legalcode","none","none","none",FALSE,"WGS84","Mammalia","COL","none","none","Colombia",NA,"Ome:Primates:Primates78",NA,NA,NA,NA,"Primates","1563123832","Ome:Primates:Primates78",NA,"Francisco del Aguila","Primates78",NA,"Ome",NA,"6:00/6:59","Francisco del Aguila",NA,"Leontocebus nigricollis (Spix, 1823)",NA,NA,NA,5,NA,"SOUTH_AMERICA","Tamarin",NA,NA,NA,NA,NA,78.6,0,NA,NA,NA,NA,"900.136.118-1","5:30:00 h","Leticia","es","Evento",NA,NA,NA,"Francisco del Aguila",NA,NA,NA,NA,NA,NA,NA,NA,NA,NA,NA,NA,"Leticia","Trocha:H",NA,"Saguinus nigricollis",NA,NA,NA,NA,NA,NA,NA,NA,NA,NA,NA,NA,NA,NA,NA,NA,NA,NA,NA,NA,NA,NA,NA,NA,NA,NA,NA,NA,NA,NA,NA
"17","1563123842","Leontocebus nigricollis (Spix, 1823)",-3.57045,-69.887783,"cdround,gass84,colmano,inmano","e307fa47-ae87-4fc9-a1a5-b1415adac8be","76513b28-548d-480a-8859-bd7f45f8724b","68845aab-a453-4816-b36d-a3ec8455deb0","CO","DWC_ARCHIVE","2021-03-03T20:14:42.603+00:00","2021-03-09T12:28:33.117+00:00",180,"c4f66525-4d36-4c18-82ac-98e088f54db4","HUMAN_OBSERVATION","PRESENT",8628111,1,44,359,798,9620,5428933,8628111,8628111,"Leontocebus nigricollis (Spix, 1823)","Animalia","Chordata","Primates","Callitrichidae","Leontocebus","Leontocebus nigricollis","Leontocebus","nigricollis","SPECIES","ACCEPTED","LC","2007-01-19T00:00:00",NA,"Amazonas",2007,1,19,"2007-01-19T00:00:00",NA,"2021-03-09T12:28:33.117+00:00",NA,"http://creativecommons.org/licenses/by-nc/4.0/legalcode","none","none","none",FALSE,"WGS84","Mammalia","COL","none","none","Colombia",NA,"Ome:Primates:Primates106",NA,NA,NA,NA,"Primates","1563123842","Ome:Primates:Primates106",NA,"Francisco del Aguila","Primates106",NA,"Ome",NA,"11:00/11:59","Francisco del Aguila",NA,"Leontocebus nigricollis (Spix, 1823)",NA,NA,NA,3,NA,"SOUTH_AMERICA","Tamarin",NA,NA,NA,NA,NA,74.9,0,NA,NA,NA,NA,"900.136.118-1","7:55:00 h","Leticia","es","Evento",NA,NA,NA,"Francisco del Aguila",NA,NA,NA,NA,NA,NA,NA,NA,NA,NA,NA,NA,"Leticia","Trocha:M",NA,"Saguinus nigricollis",NA,NA,NA,NA,NA,NA,NA,NA,NA,NA,NA,NA,NA,NA,NA,NA,NA,NA,NA,NA,NA,NA,NA,NA,NA,NA,NA,NA,NA,NA,NA
"18","1563123844","Leontocebus nigricollis (Spix, 1823)",-3.57045,-69.887783,"cdround,gass84,colmano,inmano","e307fa47-ae87-4fc9-a1a5-b1415adac8be","76513b28-548d-480a-8859-bd7f45f8724b","68845aab-a453-4816-b36d-a3ec8455deb0","CO","DWC_ARCHIVE","2021-03-03T20:14:42.603+00:00","2021-03-09T12:28:33.222+00:00",180,"c4f66525-4d36-4c18-82ac-98e088f54db4","HUMAN_OBSERVATION","PRESENT",8628111,1,44,359,798,9620,5428933,8628111,8628111,"Leontocebus nigricollis (Spix, 1823)","Animalia","Chordata","Primates","Callitrichidae","Leontocebus","Leontocebus nigricollis","Leontocebus","nigricollis","SPECIES","ACCEPTED","LC","2007-01-15T00:00:00",NA,"Amazonas",2007,1,15,"2007-01-15T00:00:00",NA,"2021-03-09T12:28:33.222+00:00",NA,"http://creativecommons.org/licenses/by-nc/4.0/legalcode","none","none","none",FALSE,"WGS84","Mammalia","COL","none","none","Colombia",NA,"Ome:Primates:Primates94",NA,NA,NA,NA,"Primates","1563123844","Ome:Primates:Primates94",NA,"Francisco del Aguila","Primates94",NA,"Ome",NA,"7:00/7:59","Francisco del Aguila",NA,"Leontocebus nigricollis (Spix, 1823)",NA,NA,NA,4,NA,"SOUTH_AMERICA","Tamarin",NA,NA,NA,NA,NA,74.9,0,NA,NA,NA,NA,"900.136.118-1","4:40:00 h","Leticia","es","Evento",NA,NA,NA,"Francisco del Aguila",NA,NA,NA,NA,NA,NA,NA,NA,NA,NA,NA,NA,"Leticia","Trocha:M",NA,"Saguinus nigricollis",NA,NA,NA,NA,NA,NA,NA,NA,NA,NA,NA,NA,NA,NA,NA,NA,NA,NA,NA,NA,NA,NA,NA,NA,NA,NA,NA,NA,NA,NA,NA
"19","1563123857","Leontocebus nigricollis (Spix, 1823)",-3.57045,-69.887783,"cdround,gass84,colmano,inmano","e307fa47-ae87-4fc9-a1a5-b1415adac8be","76513b28-548d-480a-8859-bd7f45f8724b","68845aab-a453-4816-b36d-a3ec8455deb0","CO","DWC_ARCHIVE","2021-03-03T20:14:42.603+00:00","2021-03-09T12:28:33.219+00:00",180,"c4f66525-4d36-4c18-82ac-98e088f54db4","HUMAN_OBSERVATION","PRESENT",8628111,1,44,359,798,9620,5428933,8628111,8628111,"Leontocebus nigricollis (Spix, 1823)","Animalia","Chordata","Primates","Callitrichidae","Leontocebus","Leontocebus nigricollis","Leontocebus","nigricollis","SPECIES","ACCEPTED","LC","2007-01-08T00:00:00",NA,"Amazonas",2007,1,8,"2007-01-08T00:00:00",NA,"2021-03-09T12:28:33.219+00:00",NA,"http://creativecommons.org/licenses/by-nc/4.0/legalcode","none","none","none",FALSE,"WGS84","Mammalia","COL","none","none","Colombia",NA,"Ome:Primates:Primates82",NA,NA,NA,NA,"Primates","1563123857","Ome:Primates:Primates82",NA,"Francisco del Aguila","Primates82",NA,"Ome",NA,"7:00/7:59","Francisco del Aguila",NA,"Leontocebus nigricollis (Spix, 1823)",NA,NA,NA,8,NA,"SOUTH_AMERICA","Tamarin",NA,NA,NA,NA,NA,74.9,0,NA,NA,NA,NA,"900.136.118-1","4:55:00 h","Leticia","es","Evento",NA,NA,NA,"Francisco del Aguila",NA,NA,NA,NA,NA,NA,NA,NA,NA,NA,NA,NA,"Leticia","Trocha:M",NA,"Saguinus nigricollis",NA,NA,NA,NA,NA,NA,NA,NA,NA,NA,NA,NA,NA,NA,NA,NA,NA,NA,NA,NA,NA,NA,NA,NA,NA,NA,NA,NA,NA,NA,NA
"20","1563123868","Leontocebus nigricollis (Spix, 1823)",-3.57045,-69.887783,"cdround,gass84,colmano,inmano","e307fa47-ae87-4fc9-a1a5-b1415adac8be","76513b28-548d-480a-8859-bd7f45f8724b","68845aab-a453-4816-b36d-a3ec8455deb0","CO","DWC_ARCHIVE","2021-03-03T20:14:42.603+00:00","2021-03-09T12:28:33.221+00:00",180,"c4f66525-4d36-4c18-82ac-98e088f54db4","HUMAN_OBSERVATION","PRESENT",8628111,1,44,359,798,9620,5428933,8628111,8628111,"Leontocebus nigricollis (Spix, 1823)","Animalia","Chordata","Primates","Callitrichidae","Leontocebus","Leontocebus nigricollis","Leontocebus","nigricollis","SPECIES","ACCEPTED","LC","2007-01-15T00:00:00",NA,"Amazonas",2007,1,15,"2007-01-15T00:00:00",NA,"2021-03-09T12:28:33.221+00:00",NA,"http://creativecommons.org/licenses/by-nc/4.0/legalcode","none","none","none",FALSE,"WGS84","Mammalia","COL","none","none","Colombia",NA,"Ome:Primates:Primates95",NA,NA,NA,NA,"Primates","1563123868","Ome:Primates:Primates95",NA,"Francisco del Aguila","Primates95",NA,"Ome",NA,"9:00/9:59","Francisco del Aguila",NA,"Leontocebus nigricollis (Spix, 1823)",NA,NA,NA,5,NA,"SOUTH_AMERICA","Tamarin",NA,NA,NA,NA,NA,74.9,0,NA,NA,NA,NA,"900.136.118-1","4:40:00 h","Leticia","es","Evento",NA,NA,NA,"Francisco del Aguila",NA,NA,NA,NA,NA,NA,NA,NA,NA,NA,NA,NA,"Leticia","Trocha:M",NA,"Saguinus nigricollis",NA,NA,NA,NA,NA,NA,NA,NA,NA,NA,NA,NA,NA,NA,NA,NA,NA,NA,NA,NA,NA,NA,NA,NA,NA,NA,NA,NA,NA,NA,NA
"21","1563123879","Leontocebus nigricollis (Spix, 1823)",-3.57045,-69.887783,"cdround,gass84,colmano,inmano","e307fa47-ae87-4fc9-a1a5-b1415adac8be","76513b28-548d-480a-8859-bd7f45f8724b","68845aab-a453-4816-b36d-a3ec8455deb0","CO","DWC_ARCHIVE","2021-03-03T20:14:42.603+00:00","2021-03-09T12:28:33.218+00:00",180,"c4f66525-4d36-4c18-82ac-98e088f54db4","HUMAN_OBSERVATION","PRESENT",8628111,1,44,359,798,9620,5428933,8628111,8628111,"Leontocebus nigricollis (Spix, 1823)","Animalia","Chordata","Primates","Callitrichidae","Leontocebus","Leontocebus nigricollis","Leontocebus","nigricollis","SPECIES","ACCEPTED","LC","2007-01-03T00:00:00",NA,"Amazonas",2007,1,3,"2007-01-03T00:00:00",NA,"2021-03-09T12:28:33.218+00:00",NA,"http://creativecommons.org/licenses/by-nc/4.0/legalcode","none","none","none",FALSE,"WGS84","Mammalia","COL","none","none","Colombia",NA,"Ome:Primates:Primates75",NA,NA,NA,NA,"Primates","1563123879","Ome:Primates:Primates75",NA,"Francisco del Aguila","Primates75",NA,"Ome",NA,"8:00/8:59","Francisco del Aguila",NA,"Leontocebus nigricollis (Spix, 1823)",NA,NA,NA,3,NA,"SOUTH_AMERICA","Tamarin",NA,NA,NA,NA,NA,74.9,0,NA,NA,NA,NA,"900.136.118-1","5:30:00 h","Leticia","es","Evento",NA,NA,NA,"Francisco del Aguila",NA,NA,NA,NA,NA,NA,NA,NA,NA,NA,NA,NA,"Leticia","Trocha:M",NA,"Saguinus nigricollis",NA,NA,NA,NA,NA,NA,NA,NA,NA,NA,NA,NA,NA,NA,NA,NA,NA,NA,NA,NA,NA,NA,NA,NA,NA,NA,NA,NA,NA,NA,NA
"22","1563123880","Leontocebus nigricollis (Spix, 1823)",-3.57045,-69.887783,"cdround,gass84,colmano,inmano","e307fa47-ae87-4fc9-a1a5-b1415adac8be","76513b28-548d-480a-8859-bd7f45f8724b","68845aab-a453-4816-b36d-a3ec8455deb0","CO","DWC_ARCHIVE","2021-03-03T20:14:42.603+00:00","2021-03-09T12:28:33.117+00:00",180,"c4f66525-4d36-4c18-82ac-98e088f54db4","HUMAN_OBSERVATION","PRESENT",8628111,1,44,359,798,9620,5428933,8628111,8628111,"Leontocebus nigricollis (Spix, 1823)","Animalia","Chordata","Primates","Callitrichidae","Leontocebus","Leontocebus nigricollis","Leontocebus","nigricollis","SPECIES","ACCEPTED","LC","2007-01-19T00:00:00",NA,"Amazonas",2007,1,19,"2007-01-19T00:00:00",NA,"2021-03-09T12:28:33.117+00:00",NA,"http://creativecommons.org/licenses/by-nc/4.0/legalcode","none","none","none",FALSE,"WGS84","Mammalia","COL","none","none","Colombia",NA,"Ome:Primates:Primates107",NA,NA,NA,NA,"Primates","1563123880","Ome:Primates:Primates107",NA,"Francisco del Aguila","Primates107",NA,"Ome",NA,"13:00/13:59","Francisco del Aguila",NA,"Leontocebus nigricollis (Spix, 1823)",NA,NA,NA,5,NA,"SOUTH_AMERICA","Tamarin",NA,NA,NA,NA,NA,74.9,0,NA,NA,NA,NA,"900.136.118-1","7:55:00 h","Leticia","es","Evento",NA,NA,NA,"Francisco del Aguila",NA,NA,NA,NA,NA,NA,NA,NA,NA,NA,NA,NA,"Leticia","Trocha:M",NA,"Saguinus nigricollis",NA,NA,NA,NA,NA,NA,NA,NA,NA,NA,NA,NA,NA,NA,NA,NA,NA,NA,NA,NA,NA,NA,NA,NA,NA,NA,NA,NA,NA,NA,NA
"23","1563123886","Leontocebus nigricollis (Spix, 1823)",-3.57045,-69.887783,"cdround,gass84,colmano,inmano","e307fa47-ae87-4fc9-a1a5-b1415adac8be","76513b28-548d-480a-8859-bd7f45f8724b","68845aab-a453-4816-b36d-a3ec8455deb0","CO","DWC_ARCHIVE","2021-03-03T20:14:42.603+00:00","2021-03-09T12:28:33.220+00:00",180,"c4f66525-4d36-4c18-82ac-98e088f54db4","HUMAN_OBSERVATION","PRESENT",8628111,1,44,359,798,9620,5428933,8628111,8628111,"Leontocebus nigricollis (Spix, 1823)","Animalia","Chordata","Primates","Callitrichidae","Leontocebus","Leontocebus nigricollis","Leontocebus","nigricollis","SPECIES","ACCEPTED","LC","2007-01-08T00:00:00",NA,"Amazonas",2007,1,8,"2007-01-08T00:00:00",NA,"2021-03-09T12:28:33.220+00:00",NA,"http://creativecommons.org/licenses/by-nc/4.0/legalcode","none","none","none",FALSE,"WGS84","Mammalia","COL","none","none","Colombia",NA,"Ome:Primates:Primates83",NA,NA,NA,NA,"Primates","1563123886","Ome:Primates:Primates83",NA,"Francisco del Aguila","Primates83",NA,"Ome",NA,"12:00/12:59","Francisco del Aguila",NA,"Leontocebus nigricollis (Spix, 1823)",NA,NA,NA,4,NA,"SOUTH_AMERICA","Tamarin",NA,NA,NA,NA,NA,74.9,0,NA,NA,NA,NA,"900.136.118-1","2:45:00 h","Leticia","es","Evento",NA,NA,NA,"Francisco del Aguila",NA,NA,NA,NA,NA,NA,NA,NA,NA,NA,NA,NA,"Leticia","Trocha:M",NA,"Saguinus nigricollis",NA,NA,NA,NA,NA,NA,NA,NA,NA,NA,NA,NA,NA,NA,NA,NA,NA,NA,NA,NA,NA,NA,NA,NA,NA,NA,NA,NA,NA,NA,NA
"24","1563123897","Leontocebus nigricollis (Spix, 1823)",-3.548333,-69.88515,"cdround,gass84,colmano,inmano","e307fa47-ae87-4fc9-a1a5-b1415adac8be","76513b28-548d-480a-8859-bd7f45f8724b","68845aab-a453-4816-b36d-a3ec8455deb0","CO","DWC_ARCHIVE","2021-03-03T20:14:42.603+00:00","2021-03-09T12:28:33.122+00:00",180,"c4f66525-4d36-4c18-82ac-98e088f54db4","HUMAN_OBSERVATION","PRESENT",8628111,1,44,359,798,9620,5428933,8628111,8628111,"Leontocebus nigricollis (Spix, 1823)","Animalia","Chordata","Primates","Callitrichidae","Leontocebus","Leontocebus nigricollis","Leontocebus","nigricollis","SPECIES","ACCEPTED","LC","2007-01-18T00:00:00",NA,"Amazonas",2007,1,18,"2007-01-18T00:00:00",NA,"2021-03-09T12:28:33.122+00:00",NA,"http://creativecommons.org/licenses/by-nc/4.0/legalcode","none","none","none",FALSE,"WGS84","Mammalia","COL","none","none","Colombia",NA,"Ome:Primates:Primates101",NA,NA,NA,NA,"Primates","1563123897","Ome:Primates:Primates101",NA,"Francisco del Aguila","Primates101",NA,"Ome",NA,"8:00/8:59","Francisco del Aguila",NA,"Leontocebus nigricollis (Spix, 1823)",NA,NA,NA,7,NA,"SOUTH_AMERICA","Tamarin",NA,NA,NA,NA,NA,78.6,0,NA,NA,NA,NA,"900.136.118-1","4:44:00 h","Leticia","es","Evento",NA,NA,NA,"Francisco del Aguila",NA,NA,NA,NA,NA,NA,NA,NA,NA,NA,NA,NA,"Leticia","Trocha:H",NA,"Saguinus nigricollis",NA,NA,NA,NA,NA,NA,NA,NA,NA,NA,NA,NA,NA,NA,NA,NA,NA,NA,NA,NA,NA,NA,NA,NA,NA,NA,NA,NA,NA,NA,NA
"25","1563123793","Leontocebus nigricollis (Spix, 1823)",-3.57045,-69.887783,"cdround,gass84,colmano,inmano","e307fa47-ae87-4fc9-a1a5-b1415adac8be","76513b28-548d-480a-8859-bd7f45f8724b","68845aab-a453-4816-b36d-a3ec8455deb0","CO","DWC_ARCHIVE","2021-03-03T20:14:42.603+00:00","2021-03-09T12:28:33.217+00:00",180,"c4f66525-4d36-4c18-82ac-98e088f54db4","HUMAN_OBSERVATION","PRESENT",8628111,1,44,359,798,9620,5428933,8628111,8628111,"Leontocebus nigricollis (Spix, 1823)","Animalia","Chordata","Primates","Callitrichidae","Leontocebus","Leontocebus nigricollis","Leontocebus","nigricollis","SPECIES","ACCEPTED","LC","2007-10-16T00:00:00",NA,"Amazonas",2007,10,16,"2007-10-16T00:00:00",NA,"2021-03-09T12:28:33.217+00:00",NA,"http://creativecommons.org/licenses/by-nc/4.0/legalcode","none","none","none",FALSE,"WGS84","Mammalia","COL","none","none","Colombia",NA,"Ome:Primates:Primates60",NA,NA,NA,NA,"Primates","1563123793","Ome:Primates:Primates60",NA,"聲gela Maldonado","Primates60",NA,"Ome",NA,"12:00/12:59","聲gela Maldonado",NA,"Leontocebus nigricollis (Spix, 1823)",NA,NA,NA,4,NA,"SOUTH_AMERICA","Tamarin",NA,NA,NA,NA,NA,74.9,0,NA,NA,NA,NA,"900.136.118-1","1:01:00 h","Leticia","es","Evento",NA,NA,NA,"聲gela Maldonado",NA,NA,NA,NA,NA,NA,NA,NA,NA,NA,NA,NA,"Leticia","Trocha:M",NA,"Saguinus nigricollis",NA,NA,NA,NA,NA,NA,NA,NA,NA,NA,NA,NA,NA,NA,NA,NA,NA,NA,NA,NA,NA,NA,NA,NA,NA,NA,NA,NA,NA,NA,NA
"26","1563123734","Leontocebus nigricollis (Spix, 1823)",-3.548333,-69.88515,"cdround,gass84,colmano,inmano","e307fa47-ae87-4fc9-a1a5-b1415adac8be","76513b28-548d-480a-8859-bd7f45f8724b","68845aab-a453-4816-b36d-a3ec8455deb0","CO","DWC_ARCHIVE","2021-03-03T20:14:42.603+00:00","2021-03-09T12:28:33.120+00:00",180,"c4f66525-4d36-4c18-82ac-98e088f54db4","HUMAN_OBSERVATION","PRESENT",8628111,1,44,359,798,9620,5428933,8628111,8628111,"Leontocebus nigricollis (Spix, 1823)","Animalia","Chordata","Primates","Callitrichidae","Leontocebus","Leontocebus nigricollis","Leontocebus","nigricollis","SPECIES","ACCEPTED","LC","2006-12-30T00:00:00",NA,"Amazonas",2006,12,30,"2006-12-30T00:00:00",NA,"2021-03-09T12:28:33.120+00:00",NA,"http://creativecommons.org/licenses/by-nc/4.0/legalcode","none","none","none",FALSE,"WGS84","Mammalia","COL","none","none","Colombia",NA,"Ome:Primates:Primates18",NA,NA,NA,NA,"Primates","1563123734","Ome:Primates:Primates18",NA,"聲gela Maldonado","Primates18",NA,"Ome",NA,"12:00/12:59","聲gela Maldonado",NA,"Leontocebus nigricollis (Spix, 1823)",NA,NA,NA,3,NA,"SOUTH_AMERICA","Tamarin",NA,NA,NA,NA,NA,78.6,0,NA,NA,NA,NA,"900.136.118-1","3:00:00 h","Leticia","es","Evento",NA,NA,NA,"聲gela Maldonado",NA,NA,NA,NA,NA,NA,NA,NA,NA,NA,NA,NA,"Leticia","Trocha:H",NA,"Saguinus nigricollis",NA,NA,NA,NA,NA,NA,NA,NA,NA,NA,NA,NA,NA,NA,NA,NA,NA,NA,NA,NA,NA,NA,NA,NA,NA,NA,NA,NA,NA,NA,NA
"27","1563123748","Leontocebus nigricollis (Spix, 1823)",-3.57045,-69.887783,"cdround,gass84,colmano,inmano","e307fa47-ae87-4fc9-a1a5-b1415adac8be","76513b28-548d-480a-8859-bd7f45f8724b","68845aab-a453-4816-b36d-a3ec8455deb0","CO","DWC_ARCHIVE","2021-03-03T20:14:42.603+00:00","2021-03-09T12:28:33.008+00:00",180,"c4f66525-4d36-4c18-82ac-98e088f54db4","HUMAN_OBSERVATION","PRESENT",8628111,1,44,359,798,9620,5428933,8628111,8628111,"Leontocebus nigricollis (Spix, 1823)","Animalia","Chordata","Primates","Callitrichidae","Leontocebus","Leontocebus nigricollis","Leontocebus","nigricollis","SPECIES","ACCEPTED","LC","2006-12-26T00:00:00",NA,"Amazonas",2006,12,26,"2006-12-26T00:00:00",NA,"2021-03-09T12:28:33.008+00:00",NA,"http://creativecommons.org/licenses/by-nc/4.0/legalcode","none","none","none",FALSE,"WGS84","Mammalia","COL","none","none","Colombia",NA,"Ome:Primates:Primates9",NA,NA,NA,NA,"Primates","1563123748","Ome:Primates:Primates9",NA,"聲gela Maldonado","Primates9",NA,"Ome",NA,"10:00/10:59","聲gela Maldonado",NA,"Leontocebus nigricollis (Spix, 1823)",NA,NA,NA,5,NA,"SOUTH_AMERICA","Tamarin",NA,NA,NA,NA,NA,74.9,0,NA,NA,NA,NA,"900.136.118-1","3:02:00 h","Leticia","es","Evento",NA,NA,NA,"聲gela Maldonado",NA,NA,NA,NA,NA,NA,NA,NA,NA,NA,NA,NA,"Leticia","Trocha:M",NA,"Saguinus nigricollis",NA,NA,NA,NA,NA,NA,NA,NA,NA,NA,NA,NA,NA,NA,NA,NA,NA,NA,NA,NA,NA,NA,NA,NA,NA,NA,NA,NA,NA,NA,NA
"28","1563123749","Leontocebus nigricollis (Spix, 1823)",-3.57045,-69.887783,"cdround,gass84,colmano,inmano","e307fa47-ae87-4fc9-a1a5-b1415adac8be","76513b28-548d-480a-8859-bd7f45f8724b","68845aab-a453-4816-b36d-a3ec8455deb0","CO","DWC_ARCHIVE","2021-03-03T20:14:42.603+00:00","2021-03-09T12:28:33.010+00:00",180,"c4f66525-4d36-4c18-82ac-98e088f54db4","HUMAN_OBSERVATION","PRESENT",8628111,1,44,359,798,9620,5428933,8628111,8628111,"Leontocebus nigricollis (Spix, 1823)","Animalia","Chordata","Primates","Callitrichidae","Leontocebus","Leontocebus nigricollis","Leontocebus","nigricollis","SPECIES","ACCEPTED","LC","2006-12-24T00:00:00",NA,"Amazonas",2006,12,24,"2006-12-24T00:00:00",NA,"2021-03-09T12:28:33.010+00:00",NA,"http://creativecommons.org/licenses/by-nc/4.0/legalcode","none","none","none",FALSE,"WGS84","Mammalia","COL","none","none","Colombia",NA,"Ome:Primates:Primates4",NA,NA,NA,NA,"Primates","1563123749","Ome:Primates:Primates4",NA,"聲gela Maldonado","Primates4",NA,"Ome",NA,"10:00/10:59","聲gela Maldonado",NA,"Leontocebus nigricollis (Spix, 1823)",NA,NA,NA,3,NA,"SOUTH_AMERICA","Tamarin",NA,NA,NA,NA,NA,74.9,0,NA,NA,NA,NA,"900.136.118-1","7:05:00 h","Leticia","es","Evento",NA,NA,NA,"聲gela Maldonado",NA,NA,NA,NA,NA,NA,NA,NA,NA,NA,NA,NA,"Leticia","Trocha:M",NA,"Saguinus nigricollis",NA,NA,NA,NA,NA,NA,NA,NA,NA,NA,NA,NA,NA,NA,NA,NA,NA,NA,NA,NA,NA,NA,NA,NA,NA,NA,NA,NA,NA,NA,NA
"29","1563123752","Leontocebus nigricollis (Spix, 1823)",-3.57045,-69.887783,"cdround,gass84,colmano,inmano","e307fa47-ae87-4fc9-a1a5-b1415adac8be","76513b28-548d-480a-8859-bd7f45f8724b","68845aab-a453-4816-b36d-a3ec8455deb0","CO","DWC_ARCHIVE","2021-03-03T20:14:42.603+00:00","2021-03-09T12:28:33.118+00:00",180,"c4f66525-4d36-4c18-82ac-98e088f54db4","HUMAN_OBSERVATION","PRESENT",8628111,1,44,359,798,9620,5428933,8628111,8628111,"Leontocebus nigricollis (Spix, 1823)","Animalia","Chordata","Primates","Callitrichidae","Leontocebus","Leontocebus nigricollis","Leontocebus","nigricollis","SPECIES","ACCEPTED","LC","2006-12-28T00:00:00",NA,"Amazonas",2006,12,28,"2006-12-28T00:00:00",NA,"2021-03-09T12:28:33.118+00:00",NA,"http://creativecommons.org/licenses/by-nc/4.0/legalcode","none","none","none",FALSE,"WGS84","Mammalia","COL","none","none","Colombia",NA,"Ome:Primates:Primates13",NA,NA,NA,NA,"Primates","1563123752","Ome:Primates:Primates13",NA,"聲gela Maldonado","Primates13",NA,"Ome",NA,"10:00/10:59","聲gela Maldonado",NA,"Leontocebus nigricollis (Spix, 1823)",NA,NA,NA,5,NA,"SOUTH_AMERICA","Tamarin",NA,NA,NA,NA,NA,74.9,0,NA,NA,NA,NA,"900.136.118-1",NA,"Leticia","es","Evento",NA,NA,NA,"聲gela Maldonado",NA,NA,NA,NA,NA,NA,NA,NA,NA,NA,NA,NA,"Leticia","Trocha:M",NA,"Saguinus nigricollis",NA,NA,NA,NA,NA,NA,NA,NA,NA,NA,NA,NA,NA,NA,NA,NA,NA,NA,NA,NA,NA,NA,NA,NA,NA,NA,NA,NA,NA,NA,NA
"30","1563123753","Leontocebus nigricollis (Spix, 1823)",-3.57045,-69.887783,"cdround,gass84,colmano,inmano","e307fa47-ae87-4fc9-a1a5-b1415adac8be","76513b28-548d-480a-8859-bd7f45f8724b","68845aab-a453-4816-b36d-a3ec8455deb0","CO","DWC_ARCHIVE","2021-03-03T20:14:42.603+00:00","2021-03-09T12:28:33.010+00:00",180,"c4f66525-4d36-4c18-82ac-98e088f54db4","HUMAN_OBSERVATION","PRESENT",8628111,1,44,359,798,9620,5428933,8628111,8628111,"Leontocebus nigricollis (Spix, 1823)","Animalia","Chordata","Primates","Callitrichidae","Leontocebus","Leontocebus nigricollis","Leontocebus","nigricollis","SPECIES","ACCEPTED","LC","2006-12-25T00:00:00",NA,"Amazonas",2006,12,25,"2006-12-25T00:00:00",NA,"2021-03-09T12:28:33.010+00:00",NA,"http://creativecommons.org/licenses/by-nc/4.0/legalcode","none","none","none",FALSE,"WGS84","Mammalia","COL","none","none","Colombia",NA,"Ome:Primates:Primates8",NA,NA,NA,NA,"Primates","1563123753","Ome:Primates:Primates8",NA,"聲gela Maldonado","Primates8",NA,"Ome",NA,"13:00/13:59","聲gela Maldonado",NA,"Leontocebus nigricollis (Spix, 1823)",NA,NA,NA,4,NA,"SOUTH_AMERICA","Tamarin",NA,NA,NA,NA,NA,74.9,0,NA,NA,NA,NA,"900.136.118-1",NA,"Leticia","es","Evento",NA,NA,NA,"聲gela Maldonado",NA,NA,NA,NA,NA,NA,NA,NA,NA,NA,NA,NA,"Leticia","Trocha:M",NA,"Saguinus nigricollis",NA,NA,NA,NA,NA,NA,NA,NA,NA,NA,NA,NA,NA,NA,NA,NA,NA,NA,NA,NA,NA,NA,NA,NA,NA,NA,NA,NA,NA,NA,NA
"31","1563123775","Leontocebus nigricollis (Spix, 1823)",-3.57045,-69.887783,"cdround,gass84,colmano,inmano","e307fa47-ae87-4fc9-a1a5-b1415adac8be","76513b28-548d-480a-8859-bd7f45f8724b","68845aab-a453-4816-b36d-a3ec8455deb0","CO","DWC_ARCHIVE","2021-03-03T20:14:42.603+00:00","2021-03-09T12:28:33.008+00:00",180,"c4f66525-4d36-4c18-82ac-98e088f54db4","HUMAN_OBSERVATION","PRESENT",8628111,1,44,359,798,9620,5428933,8628111,8628111,"Leontocebus nigricollis (Spix, 1823)","Animalia","Chordata","Primates","Callitrichidae","Leontocebus","Leontocebus nigricollis","Leontocebus","nigricollis","SPECIES","ACCEPTED","LC","2006-12-23T00:00:00",NA,"Amazonas",2006,12,23,"2006-12-23T00:00:00",NA,"2021-03-09T12:28:33.008+00:00",NA,"http://creativecommons.org/licenses/by-nc/4.0/legalcode","none","none","none",FALSE,"WGS84","Mammalia","COL","none","none","Colombia",NA,"Ome:Primates:Primates3",NA,NA,NA,NA,"Primates","1563123775","Ome:Primates:Primates3",NA,"聲gela Maldonado","Primates3",NA,"Ome",NA,"15:00/15:59","聲gela Maldonado",NA,"Leontocebus nigricollis (Spix, 1823)",NA,NA,NA,5,NA,"SOUTH_AMERICA","Tamarin",NA,NA,NA,NA,NA,74.9,0,NA,NA,NA,NA,"900.136.118-1","1:38:00 h","Leticia","es","Evento",NA,NA,NA,"聲gela Maldonado",NA,NA,NA,NA,NA,NA,NA,NA,NA,NA,NA,NA,"Leticia","Trocha:M",NA,"Saguinus nigricollis",NA,NA,NA,NA,NA,NA,NA,NA,NA,NA,NA,NA,NA,NA,NA,NA,NA,NA,NA,NA,NA,NA,NA,NA,NA,NA,NA,NA,NA,NA,NA
"32","1563123789","Leontocebus nigricollis (Spix, 1823)",-3.57045,-69.887783,"cdround,gass84,colmano,inmano","e307fa47-ae87-4fc9-a1a5-b1415adac8be","76513b28-548d-480a-8859-bd7f45f8724b","68845aab-a453-4816-b36d-a3ec8455deb0","CO","DWC_ARCHIVE","2021-03-03T20:14:42.603+00:00","2021-03-09T12:28:33.215+00:00",180,"c4f66525-4d36-4c18-82ac-98e088f54db4","HUMAN_OBSERVATION","PRESENT",8628111,1,44,359,798,9620,5428933,8628111,8628111,"Leontocebus nigricollis (Spix, 1823)","Animalia","Chordata","Primates","Callitrichidae","Leontocebus","Leontocebus nigricollis","Leontocebus","nigricollis","SPECIES","ACCEPTED","LC","2006-12-28T00:00:00",NA,"Amazonas",2006,12,28,"2006-12-28T00:00:00",NA,"2021-03-09T12:28:33.215+00:00",NA,"http://creativecommons.org/licenses/by-nc/4.0/legalcode","none","none","none",FALSE,"WGS84","Mammalia","COL","none","none","Colombia",NA,"Ome:Primates:Primates66",NA,NA,NA,NA,"Primates","1563123789","Ome:Primates:Primates66",NA,"Francisco del Aguila","Primates66",NA,"Ome",NA,"8:00/8:59","Francisco del Aguila",NA,"Leontocebus nigricollis (Spix, 1823)",NA,NA,NA,5,NA,"SOUTH_AMERICA","Tamarin",NA,NA,NA,NA,NA,74.9,0,NA,NA,NA,NA,"900.136.118-1","5:57:00 h","Leticia","es","Evento",NA,NA,NA,"Francisco del Aguila",NA,NA,NA,NA,NA,NA,NA,NA,NA,NA,NA,NA,"Leticia","Trocha:M",NA,"Saguinus nigricollis",NA,NA,NA,NA,NA,NA,NA,NA,NA,NA,NA,NA,NA,NA,NA,NA,NA,NA,NA,NA,NA,NA,NA,NA,NA,NA,NA,NA,NA,NA,NA
"33","665847407","Saguinus nigricollis graellsi (Jim幯ez de la Espada, 1870)",-1.533333,-77.949997,"cdround,gass84,colmafu,inmafu","41fc5c40-5e81-496f-9733-6b5681b3b7a5","7b8aff00-a9f8-11d8-944b-b8a03c50a862","3b84ff5b-79ce-427c-acb7-b4004e160f66","US","DWC_ARCHIVE","2021-03-28T07:21:58.756+00:00","2021-03-30T10:22:14.696+00:00",195,"7b8aff00-a9f8-11d8-944b-b8a03c50a862","PRESERVED_SPECIMEN","PRESENT",5786442,1,44,359,798,9620,5428933,8628111,9147205,"Leontocebus nigricollis graellsi (Jim幯ez de la Espada, 1870)","Animalia","Chordata","Primates","Callitrichidae","Leontocebus","Leontocebus nigricollis","Saguinus","nigricollis","SUBSPECIES","SYNONYM","NT",NA,NA,"Pastaza",1934,10,19,"1934-10-19T00:00:00",NA,"2021-03-30T10:22:14.696+00:00",NA,"http://creativecommons.org/publicdomain/zero/1.0/legalcode","none","none","none",FALSE,"WGS84","Mammalia","ECU","none","none","Ecuador","The Field Museum of Natural History","60d9e4c4-0fc3-4428-8c33-6e6dd17d5afc",NA,NA,NA,NA,"Mammals","665847407","60d9e4c4-0fc3-4428-8c33-6e6dd17d5afc",NA,"R. E. Olalla","43212",NA,"FMNH",NA,NA,NA,NA,"Saguinus nigricollis graellsi (Jim幯ez de la Espada, 1870)","graellsi",NA,NA,NA,NA,"SOUTH_AMERICA",NA,"Rio Pindo Yaco","Animalia Chordata Mammalia Primates Cebidae",NA,NA,NA,NA,NA,NA,NA,NA,NA,"FMNH",NA,NA,"en","PhysicalObject",NA,NA,NA,NA,NA,NA,NA,NA,NA,NA,NA,"19",NA,NA,NA,NA,NA,"decimal degrees","Mammals",NA,"FEMALE",NA,"99d66b6c-9087-452f-a9d4-f15f2c2d0e7e",NA,"e71f36f1-e271-4720-a604-3c5a1418e7aa","6999cd7a-b2a3-4f56-b5c4-0b0f1b70adba","South America, Ecuador, Pastaza, Neotropics: Rio Pindo Yaco","http://fieldmuseum.org/about/copyright-information",NA,"skin,skull",NA,NA,NA,NA,"not recorded",NA,"2542438",NA,NA,NA,NA,NA,"2",NA,NA,"118716","FMNH","mammals-24-sep-2020",NA,NA,NA
"34","665847408","Saguinus nigricollis graellsi (Jim幯ez de la Espada, 1870)",-1.533333,-77.949997,"cdround,gass84,colmafu,inmafu","41fc5c40-5e81-496f-9733-6b5681b3b7a5","7b8aff00-a9f8-11d8-944b-b8a03c50a862","3b84ff5b-79ce-427c-acb7-b4004e160f66","US","DWC_ARCHIVE","2021-03-28T07:21:58.756+00:00","2021-03-30T10:22:14.464+00:00",195,"7b8aff00-a9f8-11d8-944b-b8a03c50a862","PRESERVED_SPECIMEN","PRESENT",5786442,1,44,359,798,9620,5428933,8628111,9147205,"Leontocebus nigricollis graellsi (Jim幯ez de la Espada, 1870)","Animalia","Chordata","Primates","Callitrichidae","Leontocebus","Leontocebus nigricollis","Saguinus","nigricollis","SUBSPECIES","SYNONYM","NT",NA,NA,"Pastaza",1934,10,10,"1934-10-10T00:00:00",NA,"2021-03-30T10:22:14.464+00:00",NA,"http://creativecommons.org/publicdomain/zero/1.0/legalcode","none","none","none",FALSE,"WGS84","Mammalia","ECU","none","none","Ecuador","The Field Museum of Natural History","b9c64c6f-b601-414d-b541-f4083b297901",NA,NA,NA,NA,"Mammals","665847408","b9c64c6f-b601-414d-b541-f4083b297901",NA,"R. E. Olalla","43213",NA,"FMNH",NA,NA,NA,NA,"Saguinus nigricollis graellsi (Jim幯ez de la Espada, 1870)","graellsi",NA,NA,NA,NA,"SOUTH_AMERICA",NA,"Rio Pindo Yaco","Animalia Chordata Mammalia Primates Cebidae",NA,NA,NA,NA,NA,NA,NA,NA,NA,"FMNH",NA,NA,"en","PhysicalObject",NA,NA,NA,NA,NA,NA,NA,NA,NA,NA,NA,"10",NA,NA,NA,NA,NA,"decimal degrees","Mammals",NA,"FEMALE",NA,"99d66b6c-9087-452f-a9d4-f15f2c2d0e7e",NA,"e71f36f1-e271-4720-a604-3c5a1418e7aa","6999cd7a-b2a3-4f56-b5c4-0b0f1b70adba","South America, Ecuador, Pastaza, Neotropics: Rio Pindo Yaco","http://fieldmuseum.org/about/copyright-information",NA,"skin,skull",NA,NA,NA,NA,"not recorded",NA,"2542439",NA,NA,NA,NA,NA,"6",NA,NA,"118717","FMNH","mammals-24-sep-2020",NA,NA,NA
"35","665847409","Saguinus nigricollis graellsi (Jim幯ez de la Espada, 1870)",-1.633333,-76.98333,"cdround,gass84,colmafu,inmafu","41fc5c40-5e81-496f-9733-6b5681b3b7a5","7b8aff00-a9f8-11d8-944b-b8a03c50a862","3b84ff5b-79ce-427c-acb7-b4004e160f66","US","DWC_ARCHIVE","2021-03-28T07:21:58.756+00:00","2021-03-30T10:22:14.595+00:00",195,"7b8aff00-a9f8-11d8-944b-b8a03c50a862","PRESERVED_SPECIMEN","PRESENT",5786442,1,44,359,798,9620,5428933,8628111,9147205,"Leontocebus nigricollis graellsi (Jim幯ez de la Espada, 1870)","Animalia","Chordata","Primates","Callitrichidae","Leontocebus","Leontocebus nigricollis","Saguinus","nigricollis","SUBSPECIES","SYNONYM","NT",NA,NA,"Pastaza",1934,10,26,"1934-10-26T00:00:00",NA,"2021-03-30T10:22:14.595+00:00",NA,"http://creativecommons.org/publicdomain/zero/1.0/legalcode","none","none","none",FALSE,"WGS84","Mammalia","ECU","none","none","Ecuador","The Field Museum of Natural History","508fe92d-0495-4316-8066-a4b466def2b9",NA,NA,NA,NA,"Mammals","665847409","508fe92d-0495-4316-8066-a4b466def2b9",NA,"R. E. Olalla","43214",NA,"FMNH",NA,NA,NA,NA,"Saguinus nigricollis graellsi (Jim幯ez de la Espada, 1870)","graellsi",NA,NA,NA,NA,"SOUTH_AMERICA",NA,"Rio Yana Rumi","Animalia Chordata Mammalia Primates Cebidae",NA,NA,NA,NA,NA,NA,NA,NA,NA,"FMNH",NA,NA,"en","PhysicalObject",NA,NA,NA,NA,NA,NA,NA,NA,NA,NA,NA,"26",NA,NA,NA,NA,NA,"decimal degrees","Mammals",NA,"MALE",NA,"99d66b6c-9087-452f-a9d4-f15f2c2d0e7e",NA,"e71f36f1-e271-4720-a604-3c5a1418e7aa","6999cd7a-b2a3-4f56-b5c4-0b0f1b70adba","South America, Ecuador, Pastaza, Neotropics: Rio Yana Rumi","http://fieldmuseum.org/about/copyright-information",NA,"skin,skull",NA,NA,NA,NA,"not recorded",NA,"2542440",NA,NA,NA,NA,NA,"96",NA,NA,"118718","FMNH","mammals-24-sep-2020",NA,NA,NA
"36","665847411","Saguinus nigricollis graellsi (Jim幯ez de la Espada, 1870)",-1.633333,-76.98333,"cdround,gass84,colmafu,inmafu","41fc5c40-5e81-496f-9733-6b5681b3b7a5","7b8aff00-a9f8-11d8-944b-b8a03c50a862","3b84ff5b-79ce-427c-acb7-b4004e160f66","US","DWC_ARCHIVE","2021-03-28T07:21:58.756+00:00","2021-03-30T10:22:15.045+00:00",195,"7b8aff00-a9f8-11d8-944b-b8a03c50a862","PRESERVED_SPECIMEN","PRESENT",5786442,1,44,359,798,9620,5428933,8628111,9147205,"Leontocebus nigricollis graellsi (Jim幯ez de la Espada, 1870)","Animalia","Chordata","Primates","Callitrichidae","Leontocebus","Leontocebus nigricollis","Saguinus","nigricollis","SUBSPECIES","SYNONYM","NT",NA,NA,"Pastaza",1934,10,26,"1934-10-26T00:00:00",NA,"2021-03-30T10:22:15.045+00:00",NA,"http://creativecommons.org/publicdomain/zero/1.0/legalcode","none","none","none",FALSE,"WGS84","Mammalia","ECU","none","none","Ecuador","The Field Museum of Natural History","9b264cc8-5403-4d85-9491-2fbf8831c175",NA,NA,NA,NA,"Mammals","665847411","9b264cc8-5403-4d85-9491-2fbf8831c175",NA,"R. E. Olalla","43215",NA,"FMNH",NA,NA,NA,NA,"Saguinus nigricollis graellsi (Jim幯ez de la Espada, 1870)","graellsi",NA,NA,NA,NA,"SOUTH_AMERICA",NA,"Rio Yana Rumi","Animalia Chordata Mammalia Primates Cebidae",NA,NA,NA,NA,NA,NA,NA,NA,NA,"FMNH",NA,NA,"en","PhysicalObject",NA,NA,NA,NA,NA,NA,NA,NA,NA,NA,NA,"26",NA,NA,NA,NA,NA,"decimal degrees","Mammals",NA,"FEMALE",NA,"99d66b6c-9087-452f-a9d4-f15f2c2d0e7e",NA,"e71f36f1-e271-4720-a604-3c5a1418e7aa","6999cd7a-b2a3-4f56-b5c4-0b0f1b70adba","South America, Ecuador, Pastaza, Neotropics: Rio Yana Rumi","http://fieldmuseum.org/about/copyright-information",NA,"skin,skull",NA,NA,NA,NA,"not recorded",NA,"2542441",NA,NA,NA,NA,NA,"97",NA,NA,"118719","FMNH","mammals-24-sep-2020",NA,NA,NA
"37","665847413","Saguinus nigricollis graellsi (Jim幯ez de la Espada, 1870)",-2.516667,-76.849998,"cdround,gass84,colmafu,inmafu","41fc5c40-5e81-496f-9733-6b5681b3b7a5","7b8aff00-a9f8-11d8-944b-b8a03c50a862","3b84ff5b-79ce-427c-acb7-b4004e160f66","US","DWC_ARCHIVE","2021-03-28T07:21:58.756+00:00","2021-03-30T10:22:17.514+00:00",195,"7b8aff00-a9f8-11d8-944b-b8a03c50a862","PRESERVED_SPECIMEN","PRESENT",5786442,1,44,359,798,9620,5428933,8628111,9147205,"Leontocebus nigricollis graellsi (Jim幯ez de la Espada, 1870)","Animalia","Chordata","Primates","Callitrichidae","Leontocebus","Leontocebus nigricollis","Saguinus","nigricollis","SUBSPECIES","SYNONYM","NT",NA,NA,"Pastaza",1934,11,9,"1934-11-09T00:00:00",NA,"2021-03-30T10:22:17.514+00:00",NA,"http://creativecommons.org/publicdomain/zero/1.0/legalcode","none","none","none",FALSE,"WGS84","Mammalia","ECU","none","none","Ecuador","The Field Museum of Natural History","8ac54ff7-e502-449f-8037-a8f6b206316b",NA,NA,NA,NA,"Mammals","665847413","8ac54ff7-e502-449f-8037-a8f6b206316b",NA,"R. E. Olalla","43216",NA,"FMNH",NA,NA,NA,NA,"Saguinus nigricollis graellsi (Jim幯ez de la Espada, 1870)","graellsi",NA,NA,NA,NA,"SOUTH_AMERICA",NA,"Rio Capahuari","Animalia Chordata Mammalia Primates Cebidae",NA,NA,NA,NA,NA,NA,NA,NA,NA,"FMNH",NA,NA,"en","PhysicalObject",NA,NA,NA,NA,NA,NA,NA,NA,NA,NA,NA,"9",NA,NA,NA,NA,NA,"decimal degrees","Mammals",NA,"MALE",NA,"99d66b6c-9087-452f-a9d4-f15f2c2d0e7e",NA,"e71f36f1-e271-4720-a604-3c5a1418e7aa","6999cd7a-b2a3-4f56-b5c4-0b0f1b70adba","South America, Ecuador, Pastaza, Neotropics: Rio Capahuari","http://fieldmuseum.org/about/copyright-information",NA,"skin,skull",NA,NA,NA,NA,"not recorded",NA,"2542442",NA,NA,NA,NA,NA,"118",NA,NA,"118720","FMNH","mammals-24-sep-2020",NA,NA,NA
"38","665847414","Saguinus nigricollis graellsi (Jim幯ez de la Espada, 1870)",-2.516667,-76.849998,"cdround,gass84,colmafu,inmafu","41fc5c40-5e81-496f-9733-6b5681b3b7a5","7b8aff00-a9f8-11d8-944b-b8a03c50a862","3b84ff5b-79ce-427c-acb7-b4004e160f66","US","DWC_ARCHIVE","2021-03-28T07:21:58.756+00:00","2021-03-30T10:22:14.993+00:00",195,"7b8aff00-a9f8-11d8-944b-b8a03c50a862","PRESERVED_SPECIMEN","PRESENT",5786442,1,44,359,798,9620,5428933,8628111,9147205,"Leontocebus nigricollis graellsi (Jim幯ez de la Espada, 1870)","Animalia","Chordata","Primates","Callitrichidae","Leontocebus","Leontocebus nigricollis","Saguinus","nigricollis","SUBSPECIES","SYNONYM","NT",NA,NA,"Pastaza",1934,11,10,"1934-11-10T00:00:00",NA,"2021-03-30T10:22:14.993+00:00",NA,"http://creativecommons.org/publicdomain/zero/1.0/legalcode","none","none","none",FALSE,"WGS84","Mammalia","ECU","none","none","Ecuador","The Field Museum of Natural History","91a425c9-dc69-4180-852c-d37bb89982ea",NA,NA,NA,NA,"Mammals","665847414","91a425c9-dc69-4180-852c-d37bb89982ea",NA,"R. E. Olalla","43217",NA,"FMNH",NA,NA,NA,NA,"Saguinus nigricollis graellsi (Jim幯ez de la Espada, 1870)","graellsi",NA,NA,NA,NA,"SOUTH_AMERICA",NA,"Rio Capahuari","Animalia Chordata Mammalia Primates Cebidae",NA,NA,NA,NA,NA,NA,NA,NA,NA,"FMNH",NA,NA,"en","PhysicalObject",NA,NA,NA,NA,NA,NA,NA,NA,NA,NA,NA,"10",NA,NA,NA,NA,NA,"decimal degrees","Mammals",NA,"MALE",NA,"99d66b6c-9087-452f-a9d4-f15f2c2d0e7e",NA,"e71f36f1-e271-4720-a604-3c5a1418e7aa","6999cd7a-b2a3-4f56-b5c4-0b0f1b70adba","South America, Ecuador, Pastaza, Neotropics: Rio Capahuari","http://fieldmuseum.org/about/copyright-information",NA,"skin,skull",NA,NA,NA,NA,"not recorded",NA,"2542443",NA,NA,NA,NA,NA,"121",NA,NA,"118721","FMNH","mammals-24-sep-2020",NA,NA,NA
"39","665800406","Saguinus nigricollis graellsi (Jim幯ez de la Espada, 1870)",-0.633333,-77.316666,"cdround,gass84,colmafu,inmafu","41fc5c40-5e81-496f-9733-6b5681b3b7a5","7b8aff00-a9f8-11d8-944b-b8a03c50a862","3b84ff5b-79ce-427c-acb7-b4004e160f66","US","DWC_ARCHIVE","2021-03-28T07:21:58.756+00:00","2021-03-30T10:22:13.609+00:00",195,"7b8aff00-a9f8-11d8-944b-b8a03c50a862","PRESERVED_SPECIMEN","PRESENT",5786442,1,44,359,798,9620,5428933,8628111,9147205,"Leontocebus nigricollis graellsi (Jim幯ez de la Espada, 1870)","Animalia","Chordata","Primates","Callitrichidae","Leontocebus","Leontocebus nigricollis","Saguinus","nigricollis","SUBSPECIES","SYNONYM","NT",NA,NA,"Napo",1929,2,15,"1929-02-15T00:00:00",NA,"2021-03-30T10:22:13.609+00:00",NA,"http://creativecommons.org/publicdomain/zero/1.0/legalcode","none","none","none",FALSE,"WGS84","Mammalia","ECU","none","none","Ecuador","The Field Museum of Natural History","88a53c6a-06a6-41eb-b599-6ebcab95980c",NA,NA,NA,NA,"Mammals","665800406","88a53c6a-06a6-41eb-b599-6ebcab95980c",NA,"Olalla","31112",NA,"FMNH",NA,NA,NA,NA,"Saguinus nigricollis graellsi (Jim幯ez de la Espada, 1870)","graellsi",NA,NA,NA,NA,"SOUTH_AMERICA",NA,"Rio Suno, below Loreto","Animalia Chordata Mammalia Primates Cebidae",NA,NA,NA,550,NA,NA,NA,NA,NA,"FMNH",NA,NA,"en","PhysicalObject",NA,NA,NA,NA,NA,NA,NA,NA,NA,NA,NA,"15",NA,NA,NA,NA,NA,"decimal degrees","Mammals",NA,"MALE",NA,"99d66b6c-9087-452f-a9d4-f15f2c2d0e7e",NA,"e71f36f1-e271-4720-a604-3c5a1418e7aa","6999cd7a-b2a3-4f56-b5c4-0b0f1b70adba","South America, Ecuador, Napo, Neotropics: Rio Suno, below Loreto","http://fieldmuseum.org/about/copyright-information",NA,"skin,skull",NA,NA,NA,NA,"not recorded",NA,"2530338",NA,NA,NA,NA,NA,NA,NA,NA,"5191","FMNH","mammals-24-sep-2020",NA,NA,NA
"40","665800407","Saguinus nigricollis graellsi (Jim幯ez de la Espada, 1870)",-0.633333,-77.316666,"cdround,gass84,colmafu,inmafu","41fc5c40-5e81-496f-9733-6b5681b3b7a5","7b8aff00-a9f8-11d8-944b-b8a03c50a862","3b84ff5b-79ce-427c-acb7-b4004e160f66","US","DWC_ARCHIVE","2021-03-28T07:21:58.756+00:00","2021-03-30T10:22:12.794+00:00",195,"7b8aff00-a9f8-11d8-944b-b8a03c50a862","PRESERVED_SPECIMEN","PRESENT",5786442,1,44,359,798,9620,5428933,8628111,9147205,"Leontocebus nigricollis graellsi (Jim幯ez de la Espada, 1870)","Animalia","Chordata","Primates","Callitrichidae","Leontocebus","Leontocebus nigricollis","Saguinus","nigricollis","SUBSPECIES","SYNONYM","NT",NA,NA,"Napo",1929,2,8,"1929-02-08T00:00:00",NA,"2021-03-30T10:22:12.794+00:00",NA,"http://creativecommons.org/publicdomain/zero/1.0/legalcode","none","none","none",FALSE,"WGS84","Mammalia","ECU","none","none","Ecuador","The Field Museum of Natural History","784f71d0-6498-4e66-a8fb-263893b456b1",NA,NA,NA,NA,"Mammals","665800407","784f71d0-6498-4e66-a8fb-263893b456b1",NA,"Olalla","31113",NA,"FMNH",NA,NA,NA,NA,"Saguinus nigricollis graellsi (Jim幯ez de la Espada, 1870)","graellsi",NA,NA,NA,NA,"SOUTH_AMERICA",NA,"Rio Suno, below Loreto","Animalia Chordata Mammalia Primates Cebidae",NA,NA,NA,550,NA,NA,NA,NA,NA,"FMNH",NA,NA,"en","PhysicalObject",NA,NA,NA,NA,NA,NA,NA,NA,NA,NA,NA,"8",NA,NA,NA,NA,NA,"decimal degrees","Mammals",NA,"MALE",NA,"99d66b6c-9087-452f-a9d4-f15f2c2d0e7e",NA,"e71f36f1-e271-4720-a604-3c5a1418e7aa","6999cd7a-b2a3-4f56-b5c4-0b0f1b70adba","South America, Ecuador, Napo, Neotropics: Rio Suno, below Loreto","http://fieldmuseum.org/about/copyright-information",NA,"skin,skull",NA,NA,NA,NA,"not recorded",NA,"2530339",NA,NA,NA,NA,NA,NA,NA,NA,"5192","FMNH","mammals-24-sep-2020",NA,NA,NA
"41","665800408","Saguinus nigricollis graellsi (Jim幯ez de la Espada, 1870)",-0.633333,-77.316666,"cdround,gass84,colmafu,inmafu","41fc5c40-5e81-496f-9733-6b5681b3b7a5","7b8aff00-a9f8-11d8-944b-b8a03c50a862","3b84ff5b-79ce-427c-acb7-b4004e160f66","US","DWC_ARCHIVE","2021-03-28T07:21:58.756+00:00","2021-03-30T10:22:13.188+00:00",195,"7b8aff00-a9f8-11d8-944b-b8a03c50a862","PRESERVED_SPECIMEN","PRESENT",5786442,1,44,359,798,9620,5428933,8628111,9147205,"Leontocebus nigricollis graellsi (Jim幯ez de la Espada, 1870)","Animalia","Chordata","Primates","Callitrichidae","Leontocebus","Leontocebus nigricollis","Saguinus","nigricollis","SUBSPECIES","SYNONYM","NT",NA,NA,"Napo",1929,2,9,"1929-02-09T00:00:00",NA,"2021-03-30T10:22:13.188+00:00",NA,"http://creativecommons.org/publicdomain/zero/1.0/legalcode","none","none","none",FALSE,"WGS84","Mammalia","ECU","none","none","Ecuador","The Field Museum of Natural History","bb0a10fb-8e9e-4a89-a0c6-ac47a3946031",NA,NA,NA,NA,"Mammals","665800408","bb0a10fb-8e9e-4a89-a0c6-ac47a3946031",NA,"Olalla","31114",NA,"FMNH",NA,NA,NA,NA,"Saguinus nigricollis graellsi (Jim幯ez de la Espada, 1870)","graellsi",NA,NA,NA,NA,"SOUTH_AMERICA",NA,"Rio Suno, below Loreto","Animalia Chordata Mammalia Primates Cebidae",NA,NA,NA,550,NA,NA,NA,NA,NA,"FMNH",NA,NA,"en","PhysicalObject",NA,NA,NA,NA,NA,NA,NA,NA,NA,NA,NA,"9",NA,NA,NA,NA,NA,"decimal degrees","Mammals",NA,"FEMALE",NA,"99d66b6c-9087-452f-a9d4-f15f2c2d0e7e",NA,"e71f36f1-e271-4720-a604-3c5a1418e7aa","6999cd7a-b2a3-4f56-b5c4-0b0f1b70adba","South America, Ecuador, Napo, Neotropics: Rio Suno, below Loreto","http://fieldmuseum.org/about/copyright-information",NA,"skin,skull",NA,NA,NA,NA,"not recorded",NA,"2530340",NA,NA,NA,NA,NA,NA,NA,NA,"5193","FMNH","mammals-24-sep-2020",NA,NA,NA
"42","665800405","Saguinus nigricollis graellsi (Jim幯ez de la Espada, 1870)",-0.64545,-75.772728,"gass84,colmafu,inmafu","41fc5c40-5e81-496f-9733-6b5681b3b7a5","7b8aff00-a9f8-11d8-944b-b8a03c50a862","3b84ff5b-79ce-427c-acb7-b4004e160f66","US","DWC_ARCHIVE","2021-03-28T07:21:58.756+00:00","2021-03-30T10:22:16.468+00:00",195,"7b8aff00-a9f8-11d8-944b-b8a03c50a862","PRESERVED_SPECIMEN","PRESENT",5786442,1,44,359,798,9620,5428933,8628111,9147205,"Leontocebus nigricollis graellsi (Jim幯ez de la Espada, 1870)","Animalia","Chordata","Primates","Callitrichidae","Leontocebus","Leontocebus nigricollis","Saguinus","nigricollis","SUBSPECIES","SYNONYM","NT",NA,NA,"Napo",1928,11,NA,"1928-11-01T00:00:00",NA,"2021-03-30T10:22:16.468+00:00",NA,"http://creativecommons.org/publicdomain/zero/1.0/legalcode","none","none","none",FALSE,"WGS84","Mammalia","ECU","none","none","Ecuador","The Field Museum of Natural History","35799e24-b033-462e-904c-4b0a6e343014",NA,NA,NA,NA,"Mammals","665800405","35799e24-b033-462e-904c-4b0a6e343014",NA,"Olalla","31111",NA,"FMNH",NA,NA,NA,NA,"Saguinus nigricollis graellsi (Jim幯ez de la Espada, 1870)","graellsi",NA,NA,NA,NA,"SOUTH_AMERICA",NA,"Lower R Napo","Animalia Chordata Mammalia Primates Cebidae",NA,NA,NA,NA,NA,NA,NA,NA,NA,"FMNH",NA,NA,"en","PhysicalObject",NA,NA,NA,NA,NA,NA,NA,NA,NA,NA,NA,NA,NA,NA,NA,NA,NA,"decimal degrees","Mammals",NA,"FEMALE",NA,"99d66b6c-9087-452f-a9d4-f15f2c2d0e7e",NA,"e71f36f1-e271-4720-a604-3c5a1418e7aa","6999cd7a-b2a3-4f56-b5c4-0b0f1b70adba","South America, Ecuador, Napo, Neotropics: Lower R Napo","http://fieldmuseum.org/about/copyright-information",NA,"skin,skull",NA,NA,NA,NA,"MaNIS georeferencing guidelines",NA,"2530337",NA,NA,NA,NA,NA,NA,NA,NA,"5190","FMNH","mammals-24-sep-2020",NA,NA,NA
"43","665870169","Saguinus nigricollis nigricollis",-3.316667,-72.099998,"cdround,gass84,colmafu,inmafu","41fc5c40-5e81-496f-9733-6b5681b3b7a5","7b8aff00-a9f8-11d8-944b-b8a03c50a862","3b84ff5b-79ce-427c-acb7-b4004e160f66","US","DWC_ARCHIVE","2021-03-28T07:21:58.756+00:00","2021-03-30T10:22:17.086+00:00",195,"7b8aff00-a9f8-11d8-944b-b8a03c50a862","PRESERVED_SPECIMEN","PRESENT",4266878,1,44,359,798,9620,5428933,8628111,8993021,"Leontocebus nigricollis nigricollis","Animalia","Chordata","Primates","Callitrichidae","Leontocebus","Leontocebus nigricollis","Saguinus","nigricollis","SUBSPECIES","SYNONYM","LC",NA,NA,"Loreto",1927,1,4,"1927-01-04T00:00:00",NA,"2021-03-30T10:22:17.086+00:00",NA,"http://creativecommons.org/publicdomain/zero/1.0/legalcode","none","none","none",FALSE,"WGS84","Mammalia","PER","none","none","Peru","The Field Museum of Natural History","7a5409f8-844b-4c2b-b900-436eecdb17d2",NA,NA,NA,NA,"Mammals","665870169","7a5409f8-844b-4c2b-b900-436eecdb17d2",NA,"A. M. Olalla","95849",NA,"FMNH",NA,NA,NA,NA,"Saguinus nigricollis nigricollis","nigricollis",NA,NA,NA,NA,"SOUTH_AMERICA",NA,"Apayacu","Animalia Chordata Mammalia Primates Cebidae",NA,NA,NA,100,NA,NA,NA,NA,NA,"FMNH",NA,"Mariscal Ramon Castilla","en","PhysicalObject",NA,NA,NA,NA,NA,NA,NA,NA,NA,NA,NA,"4",NA,NA,NA,NA,NA,"decimal degrees","Mammals",NA,"MALE",NA,"99d66b6c-9087-452f-a9d4-f15f2c2d0e7e",NA,"e71f36f1-e271-4720-a604-3c5a1418e7aa","6999cd7a-b2a3-4f56-b5c4-0b0f1b70adba","South America, Peru, Loreto, Mariscal Ramon Castilla, Neotropics: Apayacu","http://fieldmuseum.org/about/copyright-information",NA,"skin,skull",NA,NA,NA,NA,"not recorded",NA,"2594719",NA,NA,NA,NA,NA,NA,NA,NA,"107271","FMNH","mammals-24-sep-2020",NA,NA,NA
"44","1919828762","Saguinus graellsi (Jim幯ez de la Espada, 1870)",-0.6667,-77.1667,"gass84,colmano,inmafu","7e380070-f762-11e1-a439-00145eb45e9a","19456090-b49a-11d8-abeb-b8a03c50a862","60277b56-f762-11e1-a439-00145eb45e9a","GB","DWC_ARCHIVE","2021-09-07T15:45:13.377+00:00","2021-09-07T16:23:09.299+00:00",247,"19456090-b49a-11d8-abeb-b8a03c50a862","PRESERVED_SPECIMEN","PRESENT",4266887,1,44,359,798,9620,5428933,8628111,9147205,"Leontocebus nigricollis graellsi (Jim幯ez de la Espada, 1870)","Animalia","Chordata","Primates","Callitrichidae","Leontocebus","Leontocebus nigricollis","Saguinus","graellsi","SPECIES","SYNONYM",NA,NA,NA,"Orellana",1923,1,NA,"1923-01-01T00:00:00",NA,"2021-09-07T16:23:09.299+00:00",NA,"http://creativecommons.org/publicdomain/zero/1.0/legalcode","none","none","none",FALSE,"WGS84","Mammalia","ECU","none","none","Ecuador",NA,"4080962",NA,NA,NA,NA,"ZOO","1919828762","069d1331-c62a-4ee3-824e-1df79b3aee27",NA,NA,"1934.9.10.26",NA,"NHMUK",NA,NA,NA,NA,"Saguinus graellsi (Jim幯ez de la Espada, 1870)",NA,NA,NA,1,"Adult","SOUTH_AMERICA",NA,"[Napo-Pastaza,] Oriente, R. Napo,  near R. Suno, %40'S. 77%10'W.","Animalia; Chordata; Vertebrata; Mammalia; Primates",NA,NA,NA,914.4,NA,NA,NA,NA,NA,NA,NA,NA,NA,NA,NA,NA,NA,NA,NA,NA,NA,NA,NA,NA,NA,NA,NA,NA,NA,NA,NA,NA,NA,NA,"MALE",NA,NA,NA,"1d808a7c-1f9e-4379-9616-edb749ecf10e",NA,"South America; Ecuador; Orellana; Loreto",NA,NA,NA,"{""determinationfiledas"": ""Yes"", ""gbifissue"": [""GEODETIC_DATUM_ASSUMED_WGS84""], ""created"": 1180345851000, ""donorname"": ""L Soderstrom"", ""gbifid"": 1919828762, ""determinationnames"": ""Saguinus graellsi"", ""subdepartment"": ""LS Mammals"", ""registrationcode"": ""MA""}",NA,NA,NA,NA,"NHMUK:ecatalogue:4080962",NA,NA,NA,NA,NA,NA,NA,NA,"Napo",NA,NA,NA,NA,NA,NA
"45","1919828817","Saguinus graellsi (Jim幯ez de la Espada, 1870)",-0.6667,-77.1667,"gass84,colmano,inmafu","7e380070-f762-11e1-a439-00145eb45e9a","19456090-b49a-11d8-abeb-b8a03c50a862","60277b56-f762-11e1-a439-00145eb45e9a","GB","DWC_ARCHIVE","2021-09-07T15:45:13.377+00:00","2021-09-07T16:23:34.652+00:00",247,"19456090-b49a-11d8-abeb-b8a03c50a862","PRESERVED_SPECIMEN","PRESENT",4266887,1,44,359,798,9620,5428933,8628111,9147205,"Leontocebus nigricollis graellsi (Jim幯ez de la Espada, 1870)","Animalia","Chordata","Primates","Callitrichidae","Leontocebus","Leontocebus nigricollis","Saguinus","graellsi","SPECIES","SYNONYM",NA,NA,NA,"Orellana",1923,1,NA,"1923-01-01T00:00:00",NA,"2021-09-07T16:23:34.652+00:00",NA,"http://creativecommons.org/publicdomain/zero/1.0/legalcode","none","none","none",FALSE,"WGS84","Mammalia","ECU","none","none","Ecuador",NA,"4081011",NA,NA,NA,NA,"ZOO","1919828817","0b2ea3db-10d3-4177-a3bd-0408a51a9001",NA,"L Soderstrom","1934.9.10.27",NA,"NHMUK",NA,NA,NA,NA,"Saguinus graellsi (Jim幯ez de la Espada, 1870)",NA,NA,NA,1,"Adult","SOUTH_AMERICA",NA,"[Napo-Pastaza,] Oriente, R. Napo,  near R. Suno, %40'S. 77%10'W.","Animalia; Chordata; Vertebrata; Mammalia; Primates",NA,NA,NA,914.4,NA,NA,NA,NA,NA,NA,NA,NA,NA,NA,NA,NA,NA,NA,NA,NA,NA,NA,NA,NA,NA,NA,NA,NA,NA,NA,NA,NA,NA,NA,"FEMALE",NA,NA,NA,"1d808a7c-1f9e-4379-9616-edb749ecf10e",NA,"South America; Ecuador; Orellana; Loreto",NA,NA,NA,"{""determinationfiledas"": ""Yes"", ""gbifissue"": [""GEODETIC_DATUM_ASSUMED_WGS84""], ""created"": 1180345855000, ""donorname"": ""L Soderstrom"", ""gbifid"": 1919828817, ""determinationnames"": ""Saguinus graellsi"", ""subdepartment"": ""LS Mammals"", ""registrationcode"": ""MA""}",NA,NA,NA,NA,"NHMUK:ecatalogue:4081011",NA,NA,NA,NA,NA,NA,NA,NA,"Napo",NA,NA,NA,NA,NA,NA
"46","1919828868","Saguinus graellsi (Jim幯ez de la Espada, 1870)",-0.6667,-77.1667,"gass84,colmano,inmafu","7e380070-f762-11e1-a439-00145eb45e9a","19456090-b49a-11d8-abeb-b8a03c50a862","60277b56-f762-11e1-a439-00145eb45e9a","GB","DWC_ARCHIVE","2021-09-07T15:45:13.377+00:00","2021-09-07T16:22:37.068+00:00",247,"19456090-b49a-11d8-abeb-b8a03c50a862","PRESERVED_SPECIMEN","PRESENT",4266887,1,44,359,798,9620,5428933,8628111,9147205,"Leontocebus nigricollis graellsi (Jim幯ez de la Espada, 1870)","Animalia","Chordata","Primates","Callitrichidae","Leontocebus","Leontocebus nigricollis","Saguinus","graellsi","SPECIES","SYNONYM",NA,NA,NA,"Orellana",1923,1,NA,"1923-01-01T00:00:00",NA,"2021-09-07T16:22:37.068+00:00",NA,"http://creativecommons.org/publicdomain/zero/1.0/legalcode","none","none","none",FALSE,"WGS84","Mammalia","ECU","none","none","Ecuador",NA,"4081015",NA,NA,NA,NA,"ZOO","1919828868","5140bca3-0486-4e31-ac8f-09abf2704329",NA,"L Soderstrom","1934.9.10.28",NA,"NHMUK",NA,NA,NA,NA,"Saguinus graellsi (Jim幯ez de la Espada, 1870)",NA,NA,NA,1,"Adult","SOUTH_AMERICA",NA,"[Napo-Pastaza,] Oriente, R. Napo,  near R. Suno, %40'S. 77%10'W.","Animalia; Chordata; Vertebrata; Mammalia; Primates",NA,NA,NA,914.4,NA,NA,NA,NA,NA,NA,NA,NA,NA,NA,NA,NA,NA,NA,NA,NA,NA,NA,NA,NA,NA,NA,NA,NA,NA,NA,NA,NA,NA,NA,"FEMALE",NA,NA,NA,"1d808a7c-1f9e-4379-9616-edb749ecf10e",NA,"South America; Ecuador; Orellana; Loreto",NA,NA,NA,"{""determinationfiledas"": ""Yes"", ""gbifissue"": [""GEODETIC_DATUM_ASSUMED_WGS84""], ""created"": 1180345856000, ""donorname"": ""L Soderstrom"", ""gbifid"": 1919828868, ""determinationnames"": ""Saguinus graellsi"", ""subdepartment"": ""LS Mammals"", ""registrationcode"": ""MA""}",NA,NA,NA,NA,"NHMUK:ecatalogue:4081015",NA,NA,NA,NA,NA,NA,NA,NA,"Napo",NA,NA,NA,NA,NA,NA
"47","1919828006","Saguinus graellsi (Jim幯ez de la Espada, 1870)",-2.1667,-74,"gass84,colmano,inmafu","7e380070-f762-11e1-a439-00145eb45e9a","19456090-b49a-11d8-abeb-b8a03c50a862","60277b56-f762-11e1-a439-00145eb45e9a","GB","DWC_ARCHIVE","2021-09-07T15:45:13.377+00:00","2021-09-07T16:23:34.772+00:00",247,"19456090-b49a-11d8-abeb-b8a03c50a862","PRESERVED_SPECIMEN","PRESENT",4266887,1,44,359,798,9620,5428933,8628111,9147205,"Leontocebus nigricollis graellsi (Jim幯ez de la Espada, 1870)","Animalia","Chordata","Primates","Callitrichidae","Leontocebus","Leontocebus nigricollis","Saguinus","graellsi","SPECIES","SYNONYM",NA,NA,NA,"Loreto",NA,NA,NA,NA,NA,"2021-09-07T16:23:34.772+00:00",NA,"http://creativecommons.org/publicdomain/zero/1.0/legalcode","none","none","none",FALSE,"WGS84","Mammalia","PER","none","none","Peru",NA,"4078054",NA,NA,NA,NA,"ZOO","1919828006","ba469574-0202-4894-9607-beebb022c981",NA,"A Cabrera","1925.7.1.2",NA,"NHMUK",NA,NA,NA,NA,"Saguinus graellsi (Jim幯ez de la Espada, 1870)",NA,NA,NA,1,"Adult","SOUTH_AMERICA",NA,"Alto [R.] Amazonas,  Tarapoto","Animalia; Chordata; Vertebrata; Mammalia; Primates",NA,NA,NA,NA,NA,NA,NA,NA,NA,NA,NA,NA,NA,NA,NA,NA,NA,NA,NA,NA,NA,NA,NA,NA,NA,NA,NA,NA,NA,NA,NA,NA,NA,NA,"MALE",NA,NA,NA,"1d808a7c-1f9e-4379-9616-edb749ecf10e",NA,"South America; Peru; Loreto; Maynas",NA,NA,NA,"{""determinationfiledas"": ""Yes"", ""gbifissue"": [""GEODETIC_DATUM_ASSUMED_WGS84""], ""created"": 1180345563000, ""donorname"": ""Madrid Museum"", ""gbifid"": 1919828006, ""determinationnames"": ""Saguinus graellsi"", ""subdepartment"": ""LS Mammals"", ""registrationcode"": ""MA""}",NA,NA,NA,NA,"NHMUK:ecatalogue:4078054",NA,NA,NA,NA,NA,NA,NA,NA,NA,NA,NA,NA,NA,NA,"SYNTYPE"
