"","key","scientificName","decimalLatitude","decimalLongitude","issues","datasetKey","publishingOrgKey","installationKey","publishingCountry","protocol","lastCrawled","lastParsed","crawlId","hostingOrganizationKey","basisOfRecord","occurrenceStatus","taxonKey","kingdomKey","phylumKey","classKey","orderKey","familyKey","genusKey","speciesKey","acceptedTaxonKey","acceptedScientificName","kingdom","phylum","order","family","genus","species","genericName","specificEpithet","taxonRank","taxonomicStatus","iucnRedListCategory","dateIdentified","coordinateUncertaintyInMeters","stateProvince","year","month","day","eventDate","modified","lastInterpreted","references","license","identifiers","facts","relations","isInCluster","geodeticDatum","class","countryCode","recordedByIDs","identifiedByIDs","country","rightsHolder","identifier","http...unknown.org.nick","informationWithheld","verbatimEventDate","datasetName","verbatimLocality","collectionCode","gbifID","occurrenceID","taxonID","recordedBy","catalogNumber","http...unknown.org.occurrenceDetails","institutionCode","rights","eventTime","identifiedBy","identificationID","name","occurrenceRemarks","projectId","sex","lifeStage","elevation","elevationAccuracy","continent","organismQuantity","organismQuantityType","http...rs.tdwg.org.dwc.terms.organismQuantity","institutionID","county","locality","language","type","preparations","disposition","vernacularName","http...rs.tdwg.org.dwc.terms.organismQuantityType","samplingProtocol","accessRights","collectionID","programmeAcronym","eventID","habitat","verbatimSRS","samplingEffort","municipality","verbatimCoordinateSystem","fieldNumber","verbatimElevation","identificationRemarks","individualCount","georeferencedBy","eventRemarks","datasetID","higherClassification","previousIdentifications","footprintWKT","parentEventID","locationAccordingTo","locationRemarks","fieldNotes","recordNumber","identifiedByIDs.type","identifiedByIDs.value","higherGeography","endDayOfYear","georeferenceVerificationStatus","startDayOfYear","collectionKey","gadm","recordedByIDs.type","recordedByIDs.value","georeferenceRemarks","taxonRemarks","locationID","ownerInstitutionCode","georeferencedDate","higherGeographyID","institutionKey","dynamicProperties","identificationVerificationStatus","nomenclaturalCode","georeferenceProtocol","organismID","identificationQualifier","georeferenceSources","otherCatalogNumbers","originalNameUsage","verbatimTaxonRank","X.99d66b6c.9087.452f.a9d4.f15f2c2d0e7e.","establishmentMeans","typeStatus","typifiedName","http...unknown.org.rights","http...unknown.org.language","taxonConceptID","http...unknown.org.rightsHolder","associatedSequences","bibliographicCitation","X.17abcf75.2f1e.46dd.bf75.a5b21dd02655.","parentNameUsage"
"1","920571064","Aotus lemurinus I.Geoffroy Saint-Hilaire, 1843",-12.607466,-69.078087,"cdround,gass84,colmano,inmano","6ac3f774-d9fb-4796-b3e9-92bf6c81c084","bb646dff-a905-4403-a49b-6d378c2cf0d9","36cae45c-1983-48be-9cf9-0672c4a60612","DE","BIOCASE","2021-03-03T02:24:10.239+00:00","2021-03-09T21:23:40.123+00:00",138,"bb646dff-a905-4403-a49b-6d378c2cf0d9","HUMAN_OBSERVATION","PRESENT",5219591,1,44,359,798,3239574,2436667,5219591,5219591,"Aotus lemurinus I.Geoffroy Saint-Hilaire, 1843","Animalia","Chordata","Primates","Aotidae","Aotus","Aotus lemurinus","Aotus","lemurinus","SPECIES","ACCEPTED","VU",NA,250,NA,2012,10,31,"2012-10-31T00:00:00",NA,"2021-03-09T21:23:40.123+00:00",NA,"http://creativecommons.org/licenses/by/4.0/legalcode","none","none","none",FALSE,"WGS84","Mammalia","PER","none","none","Peru",NA,NA,NA,NA,NA,NA,NA,"naturgucker","920571064",NA,NA,"-432725309","-218105343",NA,"naturgucker",NA,NA,NA,NA,"Aotus lemurinus I.Geoffroy Saint-Hilaire, 1843",NA,NA,NA,NA,NA,NA,NA,NA,NA,NA,NA,NA,"Hacienda Conception mit Ufer des Rio Madre de Dios",NA,NA,NA,NA,NA,NA,NA,NA,NA,NA,NA,NA,NA,NA,NA,NA,NA,NA,NA,NA,NA,NA,NA,NA,NA,NA,NA,NA,NA,NA,NA,NA,NA,NA,NA,NA,NA,NA,NA,NA,NA,NA,NA,NA,NA,NA,NA,NA,NA,NA,NA,NA,NA,NA,NA,NA,NA,NA,NA,NA,NA,NA,NA,NA,NA,NA,NA,NA,NA,NA
"2","1316534779","Aotus lemurinus I.Geoffroy Saint-Hilaire, 1843",0.866667,-77.5,"gass84,colmano,inmano","e307fa47-ae87-4fc9-a1a5-b1415adac8be","76513b28-548d-480a-8859-bd7f45f8724b","68845aab-a453-4816-b36d-a3ec8455deb0","CO","DWC_ARCHIVE","2021-03-03T20:14:42.603+00:00","2021-03-09T12:28:33.183+00:00",180,"c4f66525-4d36-4c18-82ac-98e088f54db4","HUMAN_OBSERVATION","PRESENT",5219591,1,44,359,798,3239574,2436667,5219591,5219591,"Aotus lemurinus I.Geoffroy Saint-Hilaire, 1843","Animalia","Chordata","Primates","Aotidae","Aotus","Aotus lemurinus","Aotus","lemurinus","SPECIES","ACCEPTED","VU",NA,NA,"Nariño",2009,4,22,"2009-04-22T00:00:00",NA,"2021-03-09T12:28:33.183+00:00",NA,"http://creativecommons.org/licenses/by-nc/4.0/legalcode","none","none","none",FALSE,"WGS84","Mammalia","COL","none","none","Colombia",NA,"MUD:MUD:MUD-764",NA,NA,NA,NA,NA,"MUD","1316534779","MUD:MUD:MUD-764",NA,"Héctor E. Ramírez-Chaves","MUD-764",NA,"MUD",NA,NA,NA,NA,"Aotus lemurinus I.Geoffroy Saint-Hilaire, 1843",NA,NA,"FEMALE","Unknown",1931,NA,"SOUTH_AMERICA",NA,NA,NA,"899.999.230-7","Puerres","El Verde","es","Objeto físico",NA,NA,NA,NA,NA,NA,"http://biocol.org/urn:lsid:biocol.org:col:14315",NA,NA,NA,NA,NA,"Corregimiento Monopamba",NA,NA,NA,NA,1,NA,NA,NA,NA,NA,NA,NA,NA,NA,NA,NA,NA,NA,NA,NA,NA,NA,NA,NA,NA,NA,NA,NA,NA,NA,NA,NA,NA,NA,NA,NA,NA,NA,NA,NA,NA,NA,NA,NA,NA,NA,NA,NA,NA,NA,NA,NA,NA,NA,NA
"3","1315037352","Aotus lemurinus I.Geoffroy Saint-Hilaire, 1843",11.1317,-74.116,"gass84,cdpi,incomis,inmafu","79684ec1-01e8-46cc-83cb-cd5bdfb469fe","eac88d99-9f6c-4031-8fc4-8088f0e0dfe7","68845aab-a453-4816-b36d-a3ec8455deb0","CO","DWC_ARCHIVE","2021-03-27T02:05:01.805+00:00","2021-03-30T11:05:31.095+00:00",115,"c4f66525-4d36-4c18-82ac-98e088f54db4","PRESERVED_SPECIMEN","PRESENT",5219591,1,44,359,798,3239574,2436667,5219591,5219591,"Aotus lemurinus I.Geoffroy Saint-Hilaire, 1843","Animalia","Chordata","Primates","Aotidae","Aotus","Aotus lemurinus","Aotus","lemurinus","SPECIES","ACCEPTED","VU",NA,NA,"Magdalena",1977,4,8,"1977-04-08T00:00:00",NA,"2021-03-30T11:05:31.095+00:00",NA,"http://creativecommons.org/licenses/by-nc/4.0/legalcode","none","none","none",FALSE,"WGS84","Mammalia","COL","none","none","Colombia",NA,"4378699",NA,NA,NA,NA,NA,"Mamiferos","1315037352","4378699",NA,NA,"6811",NA,"ICN",NA,NA,NA,NA,"Aotus lemurinus I.Geoffroy Saint-Hilaire, 1843",NA,NA,NA,NA,750,0,NA,NA,NA,NA,NA,"SANTA MARTA","Finca El Recuerdo.",NA,NA,NA,NA,NA,NA,NA,NA,NA,NA,NA,NA,NA,NA,NA,NA,NA,NA,NA,NA,NA,NA,NA,NA,NA,NA,NA,NA,NA,NA,NA,NA,NA,NA,NA,NA,NA,NA,NA,NA,NA,NA,NA,NA,NA,NA,NA,"11810861-95e7-4935-97f0-210bda889bb1",NA,NA,NA,NA,NA,NA,NA,NA,NA,NA,NA,NA,NA,NA,NA,NA,NA,NA,NA,NA,NA,NA
"4","665898337","Aotus lemurinus I.Geoffroy Saint-Hilaire, 1843",2.753638,-77.292114,"cdround,gass84,txmathi,colmafu,inmafu","41fc5c40-5e81-496f-9733-6b5681b3b7a5","7b8aff00-a9f8-11d8-944b-b8a03c50a862","3b84ff5b-79ce-427c-acb7-b4004e160f66","US","DWC_ARCHIVE","2021-03-28T07:21:58.756+00:00","2021-03-30T10:22:14.903+00:00",195,"7b8aff00-a9f8-11d8-944b-b8a03c50a862","PRESERVED_SPECIMEN","PRESENT",5219591,1,44,359,798,3239574,2436667,5219591,5219591,"Aotus lemurinus I.Geoffroy Saint-Hilaire, 1843","Animalia","Chordata","Primates","Aotidae","Aotus","Aotus lemurinus","Aotus","lemurinus","SPECIES","ACCEPTED","VU",NA,NA,"Cauca",1958,6,17,"1958-06-17T00:00:00",NA,"2021-03-30T10:22:14.903+00:00",NA,"http://creativecommons.org/publicdomain/zero/1.0/legalcode","none","none","none",FALSE,"WGS84","Mammalia","COL","none","none","Colombia","The Field Museum of Natural History","81c35bf6-3dc8-4a1f-a90a-c379603e2e81",NA,NA,NA,NA,NA,"Mammals","665898337","81c35bf6-3dc8-4a1f-a90a-c379603e2e81",NA,"K. von Sneidern","90322",NA,"FMNH",NA,NA,NA,NA,"Aotus lemurinus I.Geoffroy Saint-Hilaire, 1843",NA,NA,"FEMALE",NA,500,NA,"SOUTH_AMERICA",NA,NA,NA,"FMNH",NA,"Rio Saija, Josedano","en","PhysicalObject","skin,skull",NA,NA,NA,NA,"http://fieldmuseum.org/about/copyright-information","Mammals",NA,NA,NA,NA,NA,NA,NA,"68854",NA,NA,NA,NA,NA,"mammals-24-sep-2020","Animalia Chordata Mammalia Primates Aotidae",NA,NA,NA,NA,"degrees minutes seconds",NA,"KVS-23900",NA,NA,"South America, Colombia, Cauca, Neotropics: Rio Saija, Josedano",NA,NA,"17","6999cd7a-b2a3-4f56-b5c4-0b0f1b70adba",NA,NA,NA,NA,NA,NA,"FMNH",NA,NA,"e71f36f1-e271-4720-a604-3c5a1418e7aa",NA,NA,NA,"MaNIS georeferencing guidelines","2589192",NA,NA,NA,NA,NA,"99d66b6c-9087-452f-a9d4-f15f2c2d0e7e",NA,NA,NA,NA,NA,NA,NA,NA,NA,NA,NA
"5","665720937","Aotus lemurinus I.Geoffroy Saint-Hilaire, 1843",5.047172,-76.946678,"cdround,gass84,txmathi,colmafu,inmafu","41fc5c40-5e81-496f-9733-6b5681b3b7a5","7b8aff00-a9f8-11d8-944b-b8a03c50a862","3b84ff5b-79ce-427c-acb7-b4004e160f66","US","DWC_ARCHIVE","2021-03-28T07:21:58.756+00:00","2021-03-30T10:22:18.067+00:00",195,"7b8aff00-a9f8-11d8-944b-b8a03c50a862","PRESERVED_SPECIMEN","PRESENT",5219591,1,44,359,798,3239574,2436667,5219591,5219591,"Aotus lemurinus I.Geoffroy Saint-Hilaire, 1843","Animalia","Chordata","Primates","Aotidae","Aotus","Aotus lemurinus","Aotus","lemurinus","SPECIES","ACCEPTED","VU",NA,NA,"Choco",1958,10,8,"1958-10-08T00:00:00",NA,"2021-03-30T10:22:18.067+00:00",NA,"http://creativecommons.org/publicdomain/zero/1.0/legalcode","none","none","none",FALSE,"WGS84","Mammalia","COL","none","none","Colombia","The Field Museum of Natural History","c56b502a-b017-4b6e-8c5c-4501f2035d63",NA,NA,NA,NA,NA,"Mammals","665720937","c56b502a-b017-4b6e-8c5c-4501f2035d63",NA,"K. von Sneidern","90323",NA,"FMNH",NA,NA,NA,NA,"Aotus lemurinus I.Geoffroy Saint-Hilaire, 1843",NA,NA,"FEMALE",NA,160,NA,"SOUTH_AMERICA",NA,NA,NA,"FMNH",NA,"Rio Baudo, Rio Sando","en","PhysicalObject","skin,skull",NA,NA,NA,NA,"http://fieldmuseum.org/about/copyright-information","Mammals",NA,NA,NA,NA,NA,NA,NA,"49054",NA,NA,NA,NA,NA,"mammals-24-sep-2020","Animalia Chordata Mammalia Primates Aotidae",NA,NA,NA,NA,"degrees minutes seconds",NA,"KVS-24302",NA,NA,"South America, Colombia, Choco, Neotropics: Rio Baudo, Rio Sando",NA,NA,"8","6999cd7a-b2a3-4f56-b5c4-0b0f1b70adba",NA,NA,NA,NA,NA,NA,"FMNH",NA,NA,"e71f36f1-e271-4720-a604-3c5a1418e7aa",NA,NA,NA,"MaNIS georeferencing guidelines","2589193",NA,NA,NA,NA,NA,"99d66b6c-9087-452f-a9d4-f15f2c2d0e7e",NA,NA,NA,NA,NA,NA,NA,NA,NA,NA,NA
"6","665720939","Aotus lemurinus I.Geoffroy Saint-Hilaire, 1843",5.047172,-76.946678,"cdround,gass84,txmathi,colmafu,inmafu","41fc5c40-5e81-496f-9733-6b5681b3b7a5","7b8aff00-a9f8-11d8-944b-b8a03c50a862","3b84ff5b-79ce-427c-acb7-b4004e160f66","US","DWC_ARCHIVE","2021-03-28T07:21:58.756+00:00","2021-03-30T10:22:15.962+00:00",195,"7b8aff00-a9f8-11d8-944b-b8a03c50a862","PRESERVED_SPECIMEN","PRESENT",5219591,1,44,359,798,3239574,2436667,5219591,5219591,"Aotus lemurinus I.Geoffroy Saint-Hilaire, 1843","Animalia","Chordata","Primates","Aotidae","Aotus","Aotus lemurinus","Aotus","lemurinus","SPECIES","ACCEPTED","VU",NA,NA,"Choco",1958,10,2,"1958-10-02T00:00:00",NA,"2021-03-30T10:22:15.962+00:00",NA,"http://creativecommons.org/publicdomain/zero/1.0/legalcode","none","none","none",FALSE,"WGS84","Mammalia","COL","none","none","Colombia","The Field Museum of Natural History","10bc16cd-3606-46af-b6eb-f624520ab240",NA,NA,NA,NA,NA,"Mammals","665720939","10bc16cd-3606-46af-b6eb-f624520ab240",NA,"K. von Sneidern","90324",NA,"FMNH",NA,NA,NA,NA,"Aotus lemurinus I.Geoffroy Saint-Hilaire, 1843",NA,NA,"FEMALE",NA,160,NA,"SOUTH_AMERICA",NA,NA,NA,"FMNH",NA,"Rio Baudo, Rio Sando","en","PhysicalObject","skin,skull",NA,NA,NA,NA,"http://fieldmuseum.org/about/copyright-information","Mammals",NA,NA,NA,NA,NA,NA,NA,"49056",NA,NA,NA,NA,NA,"mammals-24-sep-2020","Animalia Chordata Mammalia Primates Aotidae",NA,NA,NA,NA,"degrees minutes seconds",NA,"KVS-24303",NA,NA,"South America, Colombia, Choco, Neotropics: Rio Baudo, Rio Sando",NA,NA,"2","6999cd7a-b2a3-4f56-b5c4-0b0f1b70adba",NA,NA,NA,NA,NA,NA,"FMNH",NA,NA,"e71f36f1-e271-4720-a604-3c5a1418e7aa",NA,NA,NA,"MaNIS georeferencing guidelines","2589194",NA,NA,NA,NA,NA,"99d66b6c-9087-452f-a9d4-f15f2c2d0e7e",NA,NA,NA,NA,NA,NA,NA,NA,NA,NA,NA
"7","665862229","Aotus lemurinus I.Geoffroy Saint-Hilaire, 1843",2.666667,-77.2,"cdround,gass84,txmathi,colmafu,inmafu","41fc5c40-5e81-496f-9733-6b5681b3b7a5","7b8aff00-a9f8-11d8-944b-b8a03c50a862","3b84ff5b-79ce-427c-acb7-b4004e160f66","US","DWC_ARCHIVE","2021-03-28T07:21:58.756+00:00","2021-03-30T10:22:16.659+00:00",195,"7b8aff00-a9f8-11d8-944b-b8a03c50a862","PRESERVED_SPECIMEN","PRESENT",5219591,1,44,359,798,3239574,2436667,5219591,5219591,"Aotus lemurinus I.Geoffroy Saint-Hilaire, 1843","Animalia","Chordata","Primates","Aotidae","Aotus","Aotus lemurinus","Aotus","lemurinus","SPECIES","ACCEPTED","VU",NA,NA,"Cauca",1957,6,NA,"1957-06-01T00:00:00",NA,"2021-03-30T10:22:16.659+00:00",NA,"http://creativecommons.org/publicdomain/zero/1.0/legalcode","none","none","none",FALSE,"WGS84","Mammalia","COL","none","none","Colombia","The Field Museum of Natural History","4fa5b258-7ccb-4003-aabe-c5c86d2c0e5d",NA,NA,NA,NA,NA,"Mammals","665862229","4fa5b258-7ccb-4003-aabe-c5c86d2c0e5d",NA,"K. von Sneidern","88471",NA,"FMNH",NA,NA,NA,NA,"Aotus lemurinus I.Geoffroy Saint-Hilaire, 1843",NA,NA,"FEMALE",NA,NA,NA,"SOUTH_AMERICA",NA,NA,NA,"FMNH",NA,"Rio Mechengue","en","PhysicalObject","skin,skull",NA,NA,NA,NA,"http://fieldmuseum.org/about/copyright-information","Mammals",NA,NA,NA,NA,NA,NA,NA,"105925",NA,NA,NA,NA,NA,"mammals-24-sep-2020","Animalia Chordata Mammalia Primates Aotidae",NA,NA,NA,NA,NA,NA,"KVS-23105",NA,NA,"South America, Colombia, Cauca, Neotropics: Rio Mechengue",NA,NA,NA,"6999cd7a-b2a3-4f56-b5c4-0b0f1b70adba",NA,NA,NA,NA,NA,NA,"FMNH",NA,NA,"e71f36f1-e271-4720-a604-3c5a1418e7aa",NA,NA,NA,"published","2587342",NA,NA,NA,NA,NA,"99d66b6c-9087-452f-a9d4-f15f2c2d0e7e",NA,NA,NA,NA,NA,NA,NA,NA,NA,NA,NA
"8","665890635","Aotus lemurinus I.Geoffroy Saint-Hilaire, 1843",2.533333,-76.95,"cdround,gass84,txmathi,colmafu,inmafu","41fc5c40-5e81-496f-9733-6b5681b3b7a5","7b8aff00-a9f8-11d8-944b-b8a03c50a862","3b84ff5b-79ce-427c-acb7-b4004e160f66","US","DWC_ARCHIVE","2021-03-28T07:21:58.756+00:00","2021-03-30T10:22:11.634+00:00",195,"7b8aff00-a9f8-11d8-944b-b8a03c50a862","PRESERVED_SPECIMEN","PRESENT",5219591,1,44,359,798,3239574,2436667,5219591,5219591,"Aotus lemurinus I.Geoffroy Saint-Hilaire, 1843","Animalia","Chordata","Primates","Aotidae","Aotus","Aotus lemurinus","Aotus","lemurinus","SPECIES","ACCEPTED","VU",NA,NA,"Cauca",1957,6,NA,"1957-06-01T00:00:00",NA,"2021-03-30T10:22:11.634+00:00",NA,"http://creativecommons.org/publicdomain/zero/1.0/legalcode","none","none","none",FALSE,"WGS84","Mammalia","COL","none","none","Colombia","The Field Museum of Natural History","0ae06223-da24-4c3e-8784-45dba3a2178b",NA,NA,NA,NA,NA,"Mammals","665890635","0ae06223-da24-4c3e-8784-45dba3a2178b",NA,"K. von Sneidern","88470",NA,"FMNH",NA,NA,NA,NA,"Aotus lemurinus I.Geoffroy Saint-Hilaire, 1843",NA,NA,"MALE",NA,NA,NA,"SOUTH_AMERICA",NA,NA,NA,"FMNH",NA,"Munchique","en","PhysicalObject","skin,skull",NA,NA,NA,NA,"http://fieldmuseum.org/about/copyright-information","Mammals",NA,NA,NA,NA,NA,NA,NA,"109946",NA,NA,NA,NA,NA,"mammals-24-sep-2020","Animalia Chordata Mammalia Primates Aotidae",NA,NA,NA,NA,NA,NA,"KVS-23104",NA,NA,"South America, Colombia, Cauca, Neotropics: Munchique",NA,NA,NA,"6999cd7a-b2a3-4f56-b5c4-0b0f1b70adba",NA,NA,NA,NA,NA,NA,"FMNH",NA,NA,"e71f36f1-e271-4720-a604-3c5a1418e7aa",NA,NA,NA,"published","2587341",NA,NA,NA,NA,NA,"99d66b6c-9087-452f-a9d4-f15f2c2d0e7e",NA,NA,NA,NA,NA,NA,NA,NA,NA,NA,NA
"9","1315037283","Aotus lemurinus I.Geoffroy Saint-Hilaire, 1843",4.365,-74.3469,"gass84,cdpi,incomis,inmafu","79684ec1-01e8-46cc-83cb-cd5bdfb469fe","eac88d99-9f6c-4031-8fc4-8088f0e0dfe7","68845aab-a453-4816-b36d-a3ec8455deb0","CO","DWC_ARCHIVE","2021-03-27T02:05:01.805+00:00","2021-03-30T11:05:31.417+00:00",115,"c4f66525-4d36-4c18-82ac-98e088f54db4","PRESERVED_SPECIMEN","PRESENT",5219591,1,44,359,798,3239574,2436667,5219591,5219591,"Aotus lemurinus I.Geoffroy Saint-Hilaire, 1843","Animalia","Chordata","Primates","Aotidae","Aotus","Aotus lemurinus","Aotus","lemurinus","SPECIES","ACCEPTED","VU",NA,NA,"Cundinamarca",1954,5,29,"1954-05-29T00:00:00",NA,"2021-03-30T11:05:31.417+00:00",NA,"http://creativecommons.org/licenses/by-nc/4.0/legalcode","none","none","none",FALSE,"WGS84","Mammalia","COL","none","none","Colombia",NA,"4378697",NA,NA,NA,NA,NA,"Mamiferos","1315037283","4378697",NA,"Idrobo, J. M.","3",NA,"ICN",NA,NA,NA,NA,"Aotus lemurinus I.Geoffroy Saint-Hilaire, 1843",NA,NA,NA,NA,2050,50,NA,NA,NA,NA,NA,"FUSAGASUGÁ","Cundinamarca:  Fusagasugá, vertiente W de la Sierra de Cruz Grande. Alt. 2000-2100 m.",NA,NA,NA,NA,NA,NA,NA,NA,NA,NA,NA,NA,NA,NA,NA,NA,NA,NA,NA,NA,NA,NA,NA,NA,NA,NA,NA,NA,NA,NA,NA,NA,NA,NA,NA,NA,NA,NA,NA,NA,NA,NA,NA,NA,NA,NA,NA,"11810861-95e7-4935-97f0-210bda889bb1",NA,NA,NA,NA,NA,NA,NA,NA,NA,NA,NA,NA,NA,NA,NA,NA,NA,NA,NA,NA,NA,NA
"10","1315037319","Aotus lemurinus I.Geoffroy Saint-Hilaire, 1843",4.36508,-74.3469,"gass84,cdpi,incomis,inmafu","79684ec1-01e8-46cc-83cb-cd5bdfb469fe","eac88d99-9f6c-4031-8fc4-8088f0e0dfe7","68845aab-a453-4816-b36d-a3ec8455deb0","CO","DWC_ARCHIVE","2021-03-27T02:05:01.805+00:00","2021-03-30T11:05:31.161+00:00",115,"c4f66525-4d36-4c18-82ac-98e088f54db4","PRESERVED_SPECIMEN","PRESENT",5219591,1,44,359,798,3239574,2436667,5219591,5219591,"Aotus lemurinus I.Geoffroy Saint-Hilaire, 1843","Animalia","Chordata","Primates","Aotidae","Aotus","Aotus lemurinus","Aotus","lemurinus","SPECIES","ACCEPTED","VU",NA,NA,"Cundinamarca",1954,5,29,"1954-05-29T00:00:00",NA,"2021-03-30T11:05:31.161+00:00",NA,"http://creativecommons.org/licenses/by-nc/4.0/legalcode","none","none","none",FALSE,"WGS84","Mammalia","COL","none","none","Colombia",NA,"4378696",NA,NA,NA,NA,NA,"Mamiferos","1315037319","4378696",NA,"Idrobo, J. M.","4",NA,"ICN",NA,NA,NA,NA,"Aotus lemurinus I.Geoffroy Saint-Hilaire, 1843",NA,NA,NA,NA,2050,50,NA,NA,NA,NA,NA,"FUSAGASUGÁ","Vertiente W de la Sierra de Cruz Grande.",NA,NA,NA,NA,NA,NA,NA,NA,NA,NA,NA,NA,NA,NA,NA,NA,NA,NA,NA,NA,NA,NA,NA,NA,NA,NA,NA,NA,NA,NA,NA,NA,NA,NA,NA,NA,NA,NA,NA,NA,NA,NA,NA,NA,NA,NA,NA,"11810861-95e7-4935-97f0-210bda889bb1",NA,NA,NA,NA,NA,NA,NA,NA,NA,NA,NA,NA,NA,NA,NA,NA,NA,NA,NA,NA,NA,NA
"11","1315037320","Aotus lemurinus I.Geoffroy Saint-Hilaire, 1843",4.365,-74.3469,"gass84,cdpi,incomis,inmafu","79684ec1-01e8-46cc-83cb-cd5bdfb469fe","eac88d99-9f6c-4031-8fc4-8088f0e0dfe7","68845aab-a453-4816-b36d-a3ec8455deb0","CO","DWC_ARCHIVE","2021-03-27T02:05:01.805+00:00","2021-03-30T11:05:31.162+00:00",115,"c4f66525-4d36-4c18-82ac-98e088f54db4","PRESERVED_SPECIMEN","PRESENT",5219591,1,44,359,798,3239574,2436667,5219591,5219591,"Aotus lemurinus I.Geoffroy Saint-Hilaire, 1843","Animalia","Chordata","Primates","Aotidae","Aotus","Aotus lemurinus","Aotus","lemurinus","SPECIES","ACCEPTED","VU",NA,NA,"Cundinamarca",1954,5,29,"1954-05-29T00:00:00",NA,"2021-03-30T11:05:31.162+00:00",NA,"http://creativecommons.org/licenses/by-nc/4.0/legalcode","none","none","none",FALSE,"WGS84","Mammalia","COL","none","none","Colombia",NA,"4378698",NA,NA,NA,NA,NA,"Mamiferos","1315037320","4378698",NA,"Idrobo, J. M.","2",NA,"ICN",NA,NA,NA,NA,"Aotus lemurinus I.Geoffroy Saint-Hilaire, 1843",NA,NA,NA,NA,2050,50,NA,NA,NA,NA,NA,"FUSAGASUGÁ","Cundinamarca:  Fusagasugá, vertiente W de la Sierra de Cruz Grande. Alt. 2000-2100 m.",NA,NA,NA,NA,NA,NA,NA,NA,NA,NA,NA,NA,NA,NA,NA,NA,NA,NA,NA,NA,NA,NA,NA,NA,NA,NA,NA,NA,NA,NA,NA,NA,NA,NA,NA,NA,NA,NA,NA,NA,NA,NA,NA,NA,NA,NA,NA,"11810861-95e7-4935-97f0-210bda889bb1",NA,NA,NA,NA,NA,NA,NA,NA,NA,NA,NA,NA,NA,NA,NA,NA,NA,NA,NA,NA,NA,NA
"12","665833075","Aotus lemurinus I.Geoffroy Saint-Hilaire, 1843",1.627695,-75.988327,"cdround,gass84,txmathi,colmafu,inmafu","41fc5c40-5e81-496f-9733-6b5681b3b7a5","7b8aff00-a9f8-11d8-944b-b8a03c50a862","3b84ff5b-79ce-427c-acb7-b4004e160f66","US","DWC_ARCHIVE","2021-03-28T07:21:58.756+00:00","2021-03-30T10:22:13.210+00:00",195,"7b8aff00-a9f8-11d8-944b-b8a03c50a862","PRESERVED_SPECIMEN","PRESENT",5219591,1,44,359,798,3239574,2436667,5219591,5219591,"Aotus lemurinus I.Geoffroy Saint-Hilaire, 1843","Animalia","Chordata","Primates","Aotidae","Aotus","Aotus lemurinus","Aotus","lemurinus","SPECIES","ACCEPTED","VU",NA,NA,"Huila",1951,6,23,"1951-06-23T00:00:00",NA,"2021-03-30T10:22:13.210+00:00",NA,"http://creativecommons.org/publicdomain/zero/1.0/legalcode","none","none","none",FALSE,"WGS84","Mammalia","COL","none","none","Colombia","The Field Museum of Natural History","bef4b83b-a863-4c60-8899-1ee21ed30fc5",NA,NA,NA,NA,NA,"Mammals","665833075","bef4b83b-a863-4c60-8899-1ee21ed30fc5",NA,"P. Hershkovitz","70673",NA,"FMNH",NA,NA,NA,NA,"Aotus lemurinus I.Geoffroy Saint-Hilaire, 1843",NA,NA,"MALE",NA,NA,NA,"SOUTH_AMERICA",NA,NA,NA,"FMNH","Acevedo","Rio Aguas Claras","en","PhysicalObject","skin,skull",NA,NA,NA,NA,"http://fieldmuseum.org/about/copyright-information","Mammals",NA,NA,NA,NA,NA,NA,NA,"84771",NA,NA,NA,NA,NA,"mammals-24-sep-2020","Animalia Chordata Mammalia Primates Aotidae",NA,NA,NA,NA,"degrees minutes seconds",NA,"PH-5222",NA,NA,"South America, Colombia, Huila, Acevedo, Neotropics: Rio Aguas Claras",NA,NA,"23","6999cd7a-b2a3-4f56-b5c4-0b0f1b70adba",NA,NA,NA,NA,NA,NA,"FMNH",NA,NA,"e71f36f1-e271-4720-a604-3c5a1418e7aa",NA,NA,NA,"MaNIS georeferencing guidelines","2569898",NA,NA,NA,NA,NA,"99d66b6c-9087-452f-a9d4-f15f2c2d0e7e",NA,NA,NA,NA,NA,NA,NA,NA,NA,NA,NA
"13","665833076","Aotus lemurinus I.Geoffroy Saint-Hilaire, 1843",1.627695,-75.988327,"cdround,gass84,txmathi,colmafu,inmafu","41fc5c40-5e81-496f-9733-6b5681b3b7a5","7b8aff00-a9f8-11d8-944b-b8a03c50a862","3b84ff5b-79ce-427c-acb7-b4004e160f66","US","DWC_ARCHIVE","2021-03-28T07:21:58.756+00:00","2021-03-30T10:22:18.383+00:00",195,"7b8aff00-a9f8-11d8-944b-b8a03c50a862","PRESERVED_SPECIMEN","PRESENT",5219591,1,44,359,798,3239574,2436667,5219591,5219591,"Aotus lemurinus I.Geoffroy Saint-Hilaire, 1843","Animalia","Chordata","Primates","Aotidae","Aotus","Aotus lemurinus","Aotus","lemurinus","SPECIES","ACCEPTED","VU",NA,NA,"Huila",1951,6,23,"1951-06-23T00:00:00",NA,"2021-03-30T10:22:18.383+00:00",NA,"http://creativecommons.org/publicdomain/zero/1.0/legalcode","none","none","none",FALSE,"WGS84","Mammalia","COL","none","none","Colombia","The Field Museum of Natural History","ed1efb6b-f303-474f-9a66-09cb80328efa",NA,NA,NA,NA,NA,"Mammals","665833076","ed1efb6b-f303-474f-9a66-09cb80328efa",NA,"P. Hershkovitz","70674",NA,"FMNH",NA,NA,NA,NA,"Aotus lemurinus I.Geoffroy Saint-Hilaire, 1843",NA,NA,"FEMALE",NA,NA,NA,"SOUTH_AMERICA",NA,NA,NA,"FMNH","Acevedo","Rio Aguas Claras","en","PhysicalObject","skin,skull",NA,NA,NA,NA,"http://fieldmuseum.org/about/copyright-information","Mammals",NA,NA,NA,NA,NA,NA,NA,"84772",NA,NA,NA,NA,NA,"mammals-24-sep-2020","Animalia Chordata Mammalia Primates Aotidae",NA,NA,NA,NA,"degrees minutes seconds",NA,"PH-5223",NA,NA,"South America, Colombia, Huila, Acevedo, Neotropics: Rio Aguas Claras",NA,NA,"23","6999cd7a-b2a3-4f56-b5c4-0b0f1b70adba",NA,NA,NA,NA,NA,NA,"FMNH",NA,NA,"e71f36f1-e271-4720-a604-3c5a1418e7aa",NA,NA,NA,"MaNIS georeferencing guidelines","2569899",NA,NA,NA,NA,NA,"99d66b6c-9087-452f-a9d4-f15f2c2d0e7e",NA,NA,NA,NA,NA,NA,NA,NA,NA,NA,NA
"14","665833077","Aotus lemurinus I.Geoffroy Saint-Hilaire, 1843",1.627695,-75.988327,"cdround,gass84,txmathi,colmafu,inmafu","41fc5c40-5e81-496f-9733-6b5681b3b7a5","7b8aff00-a9f8-11d8-944b-b8a03c50a862","3b84ff5b-79ce-427c-acb7-b4004e160f66","US","DWC_ARCHIVE","2021-03-28T07:21:58.756+00:00","2021-03-30T10:22:12.781+00:00",195,"7b8aff00-a9f8-11d8-944b-b8a03c50a862","PRESERVED_SPECIMEN","PRESENT",5219591,1,44,359,798,3239574,2436667,5219591,5219591,"Aotus lemurinus I.Geoffroy Saint-Hilaire, 1843","Animalia","Chordata","Primates","Aotidae","Aotus","Aotus lemurinus","Aotus","lemurinus","SPECIES","ACCEPTED","VU",NA,NA,"Huila",1951,6,25,"1951-06-25T00:00:00",NA,"2021-03-30T10:22:12.781+00:00",NA,"http://creativecommons.org/publicdomain/zero/1.0/legalcode","none","none","none",FALSE,"WGS84","Mammalia","COL","none","none","Colombia","The Field Museum of Natural History","408e2d34-53f2-4549-bbd0-556c3689ebc7",NA,NA,NA,NA,NA,"Mammals","665833077","408e2d34-53f2-4549-bbd0-556c3689ebc7",NA,"P. Hershkovitz","70675",NA,"FMNH",NA,NA,NA,NA,"Aotus lemurinus I.Geoffroy Saint-Hilaire, 1843",NA,NA,"MALE",NA,NA,NA,"SOUTH_AMERICA",NA,NA,NA,"FMNH","Acevedo","Rio Aguas Claras","en","PhysicalObject","skin,skull",NA,NA,NA,NA,"http://fieldmuseum.org/about/copyright-information","Mammals",NA,NA,NA,NA,NA,NA,NA,"84773",NA,NA,NA,NA,NA,"mammals-24-sep-2020","Animalia Chordata Mammalia Primates Aotidae",NA,NA,NA,NA,"degrees minutes seconds",NA,"PH-5228",NA,NA,"South America, Colombia, Huila, Acevedo, Neotropics: Rio Aguas Claras",NA,NA,"25","6999cd7a-b2a3-4f56-b5c4-0b0f1b70adba",NA,NA,NA,NA,NA,NA,"FMNH",NA,NA,"e71f36f1-e271-4720-a604-3c5a1418e7aa",NA,NA,NA,"MaNIS georeferencing guidelines","2569900",NA,NA,NA,NA,NA,"99d66b6c-9087-452f-a9d4-f15f2c2d0e7e",NA,NA,NA,NA,NA,NA,NA,NA,NA,NA,NA
"15","665833078","Aotus lemurinus I.Geoffroy Saint-Hilaire, 1843",1.627695,-75.988327,"cdround,gass84,txmathi,colmafu,inmafu","41fc5c40-5e81-496f-9733-6b5681b3b7a5","7b8aff00-a9f8-11d8-944b-b8a03c50a862","3b84ff5b-79ce-427c-acb7-b4004e160f66","US","DWC_ARCHIVE","2021-03-28T07:21:58.756+00:00","2021-03-30T10:22:11.516+00:00",195,"7b8aff00-a9f8-11d8-944b-b8a03c50a862","PRESERVED_SPECIMEN","PRESENT",5219591,1,44,359,798,3239574,2436667,5219591,5219591,"Aotus lemurinus I.Geoffroy Saint-Hilaire, 1843","Animalia","Chordata","Primates","Aotidae","Aotus","Aotus lemurinus","Aotus","lemurinus","SPECIES","ACCEPTED","VU",NA,NA,"Huila",1951,6,25,"1951-06-25T00:00:00",NA,"2021-03-30T10:22:11.516+00:00",NA,"http://creativecommons.org/publicdomain/zero/1.0/legalcode","none","none","none",FALSE,"WGS84","Mammalia","COL","none","none","Colombia","The Field Museum of Natural History","096e9fc0-be16-41de-9862-e1a281af4424",NA,NA,NA,NA,NA,"Mammals","665833078","096e9fc0-be16-41de-9862-e1a281af4424",NA,"P. Hershkovitz","70676",NA,"FMNH",NA,NA,NA,NA,"Aotus lemurinus I.Geoffroy Saint-Hilaire, 1843",NA,NA,"FEMALE",NA,NA,NA,"SOUTH_AMERICA",NA,NA,NA,"FMNH","Acevedo","Rio Aguas Claras","en","PhysicalObject","skin,skull",NA,NA,NA,NA,"http://fieldmuseum.org/about/copyright-information","Mammals",NA,NA,NA,NA,NA,NA,NA,"84774",NA,NA,NA,NA,NA,"mammals-24-sep-2020","Animalia Chordata Mammalia Primates Aotidae",NA,NA,NA,NA,"degrees minutes seconds",NA,"PH-5229",NA,NA,"South America, Colombia, Huila, Acevedo, Neotropics: Rio Aguas Claras",NA,NA,"25","6999cd7a-b2a3-4f56-b5c4-0b0f1b70adba",NA,NA,NA,NA,NA,NA,"FMNH",NA,NA,"e71f36f1-e271-4720-a604-3c5a1418e7aa",NA,NA,NA,"MaNIS georeferencing guidelines","2569901",NA,NA,NA,NA,NA,"99d66b6c-9087-452f-a9d4-f15f2c2d0e7e",NA,NA,NA,NA,NA,NA,NA,NA,NA,NA,NA
"16","665921495","Aotus lemurinus I.Geoffroy Saint-Hilaire, 1843",1.627695,-75.988327,"cdround,gass84,txmathi,colmafu,inmafu","41fc5c40-5e81-496f-9733-6b5681b3b7a5","7b8aff00-a9f8-11d8-944b-b8a03c50a862","3b84ff5b-79ce-427c-acb7-b4004e160f66","US","DWC_ARCHIVE","2021-03-28T07:21:58.756+00:00","2021-03-30T10:22:13.475+00:00",195,"7b8aff00-a9f8-11d8-944b-b8a03c50a862","PRESERVED_SPECIMEN","PRESENT",5219591,1,44,359,798,3239574,2436667,5219591,5219591,"Aotus lemurinus I.Geoffroy Saint-Hilaire, 1843","Animalia","Chordata","Primates","Aotidae","Aotus","Aotus lemurinus","Aotus","lemurinus","SPECIES","ACCEPTED","VU",NA,NA,"Huila",1951,6,20,"1951-06-20T00:00:00",NA,"2021-03-30T10:22:13.475+00:00",NA,"http://creativecommons.org/publicdomain/zero/1.0/legalcode","none","none","none",FALSE,"WGS84","Mammalia","COL","none","none","Colombia","The Field Museum of Natural History","85a423be-42a7-4915-899c-a3c0fb40a5cb",NA,NA,NA,NA,NA,"Mammals","665921495","85a423be-42a7-4915-899c-a3c0fb40a5cb",NA,"P. Hershkovitz","70672",NA,"FMNH",NA,NA,NA,NA,"Aotus lemurinus I.Geoffroy Saint-Hilaire, 1843",NA,NA,"MALE",NA,NA,NA,"SOUTH_AMERICA",NA,NA,NA,"FMNH","Acevedo","Rio Aguas Claras","en","PhysicalObject","skin,skull",NA,NA,NA,NA,"http://fieldmuseum.org/about/copyright-information","Mammals",NA,NA,NA,NA,NA,NA,NA,"133568",NA,NA,NA,NA,NA,"mammals-24-sep-2020","Animalia Chordata Mammalia Primates Aotidae",NA,NA,NA,NA,"degrees minutes seconds",NA,"PH-5210",NA,NA,"South America, Colombia, Huila, Acevedo, Neotropics: Rio Aguas Claras",NA,NA,"20","6999cd7a-b2a3-4f56-b5c4-0b0f1b70adba",NA,NA,NA,NA,NA,NA,"FMNH",NA,NA,"e71f36f1-e271-4720-a604-3c5a1418e7aa",NA,NA,NA,"MaNIS georeferencing guidelines","2569897",NA,NA,NA,NA,NA,"99d66b6c-9087-452f-a9d4-f15f2c2d0e7e",NA,NA,NA,NA,NA,NA,NA,NA,NA,NA,NA
"17","665833079","Aotus lemurinus I.Geoffroy Saint-Hilaire, 1843",1.95,-76.483333,"cdround,gass84,txmathi,colmafu,inmafu","41fc5c40-5e81-496f-9733-6b5681b3b7a5","7b8aff00-a9f8-11d8-944b-b8a03c50a862","3b84ff5b-79ce-427c-acb7-b4004e160f66","US","DWC_ARCHIVE","2021-03-28T07:21:58.756+00:00","2021-03-30T10:22:12.851+00:00",195,"7b8aff00-a9f8-11d8-944b-b8a03c50a862","PRESERVED_SPECIMEN","PRESENT",5219591,1,44,359,798,3239574,2436667,5219591,5219591,"Aotus lemurinus I.Geoffroy Saint-Hilaire, 1843","Animalia","Chordata","Primates","Aotidae","Aotus","Aotus lemurinus","Aotus","lemurinus","SPECIES","ACCEPTED","VU",NA,NA,"Huila",1951,8,20,"1951-08-20T00:00:00",NA,"2021-03-30T10:22:12.851+00:00",NA,"http://creativecommons.org/publicdomain/zero/1.0/legalcode","none","none","none",FALSE,"WGS84","Mammalia","COL","none","none","Colombia","The Field Museum of Natural History","7960120a-4d34-43b4-9823-5c9ce9a964ef",NA,NA,NA,NA,NA,"Mammals","665833079","7960120a-4d34-43b4-9823-5c9ce9a964ef",NA,"P. Hershkovitz","70677",NA,"FMNH",NA,NA,NA,NA,"Aotus lemurinus I.Geoffroy Saint-Hilaire, 1843",NA,NA,"FEMALE",NA,NA,NA,"SOUTH_AMERICA",NA,NA,NA,"FMNH","San Agustin","San Antonio","en","PhysicalObject","skin,skull",NA,NA,NA,NA,"http://fieldmuseum.org/about/copyright-information","Mammals",NA,NA,NA,NA,NA,NA,NA,"84775",NA,NA,NA,NA,NA,"mammals-24-sep-2020","Animalia Chordata Mammalia Primates Aotidae",NA,NA,NA,NA,NA,NA,"PH-5350",NA,NA,"South America, Colombia, Huila, San Agustin, Neotropics: San Antonio",NA,NA,"20","6999cd7a-b2a3-4f56-b5c4-0b0f1b70adba",NA,NA,NA,NA,NA,NA,"FMNH",NA,NA,"e71f36f1-e271-4720-a604-3c5a1418e7aa",NA,NA,NA,"published","2569902",NA,NA,NA,NA,NA,"99d66b6c-9087-452f-a9d4-f15f2c2d0e7e",NA,NA,NA,NA,NA,NA,NA,NA,NA,NA,NA
"18","665833080","Aotus lemurinus I.Geoffroy Saint-Hilaire, 1843",1.95,-76.483333,"cdround,gass84,txmathi,colmafu,inmafu","41fc5c40-5e81-496f-9733-6b5681b3b7a5","7b8aff00-a9f8-11d8-944b-b8a03c50a862","3b84ff5b-79ce-427c-acb7-b4004e160f66","US","DWC_ARCHIVE","2021-03-28T07:21:58.756+00:00","2021-03-30T10:22:18.118+00:00",195,"7b8aff00-a9f8-11d8-944b-b8a03c50a862","PRESERVED_SPECIMEN","PRESENT",5219591,1,44,359,798,3239574,2436667,5219591,5219591,"Aotus lemurinus I.Geoffroy Saint-Hilaire, 1843","Animalia","Chordata","Primates","Aotidae","Aotus","Aotus lemurinus","Aotus","lemurinus","SPECIES","ACCEPTED","VU",NA,NA,"Huila",1951,8,20,"1951-08-20T00:00:00",NA,"2021-03-30T10:22:18.118+00:00",NA,"http://creativecommons.org/publicdomain/zero/1.0/legalcode","none","none","none",FALSE,"WGS84","Mammalia","COL","none","none","Colombia","The Field Museum of Natural History","dc76b5e1-3166-43ad-932c-3198a303cc97",NA,NA,NA,NA,NA,"Mammals","665833080","dc76b5e1-3166-43ad-932c-3198a303cc97",NA,"P. Hershkovitz","70678",NA,"FMNH",NA,NA,NA,NA,"Aotus lemurinus I.Geoffroy Saint-Hilaire, 1843",NA,NA,"MALE",NA,NA,NA,"SOUTH_AMERICA",NA,NA,NA,"FMNH","San Agustin","San Antonio","en","PhysicalObject","skin,skull",NA,NA,NA,NA,"http://fieldmuseum.org/about/copyright-information","Mammals",NA,NA,NA,NA,NA,NA,NA,"84776",NA,NA,NA,NA,NA,"mammals-24-sep-2020","Animalia Chordata Mammalia Primates Aotidae",NA,NA,NA,NA,NA,NA,"PH-5351",NA,NA,"South America, Colombia, Huila, San Agustin, Neotropics: San Antonio",NA,NA,"20","6999cd7a-b2a3-4f56-b5c4-0b0f1b70adba",NA,NA,NA,NA,NA,NA,"FMNH",NA,NA,"e71f36f1-e271-4720-a604-3c5a1418e7aa",NA,NA,NA,"published","2569903",NA,NA,NA,NA,NA,"99d66b6c-9087-452f-a9d4-f15f2c2d0e7e",NA,NA,NA,NA,NA,NA,NA,NA,NA,NA,NA
"19","665833081","Aotus lemurinus I.Geoffroy Saint-Hilaire, 1843",1.95,-76.483333,"cdround,gass84,txmathi,colmafu,inmafu","41fc5c40-5e81-496f-9733-6b5681b3b7a5","7b8aff00-a9f8-11d8-944b-b8a03c50a862","3b84ff5b-79ce-427c-acb7-b4004e160f66","US","DWC_ARCHIVE","2021-03-28T07:21:58.756+00:00","2021-03-30T10:22:14.786+00:00",195,"7b8aff00-a9f8-11d8-944b-b8a03c50a862","PRESERVED_SPECIMEN","PRESENT",5219591,1,44,359,798,3239574,2436667,5219591,5219591,"Aotus lemurinus I.Geoffroy Saint-Hilaire, 1843","Animalia","Chordata","Primates","Aotidae","Aotus","Aotus lemurinus","Aotus","lemurinus","SPECIES","ACCEPTED","VU",NA,NA,"Huila",1951,8,20,"1951-08-20T00:00:00",NA,"2021-03-30T10:22:14.786+00:00",NA,"http://creativecommons.org/publicdomain/zero/1.0/legalcode","none","none","none",FALSE,"WGS84","Mammalia","COL","none","none","Colombia","The Field Museum of Natural History","dab2eae2-fc28-4075-b90c-536299f45167",NA,NA,NA,NA,NA,"Mammals","665833081","dab2eae2-fc28-4075-b90c-536299f45167",NA,"P. Hershkovitz","70679",NA,"FMNH",NA,NA,NA,NA,"Aotus lemurinus I.Geoffroy Saint-Hilaire, 1843",NA,NA,"MALE",NA,2300,NA,"SOUTH_AMERICA",NA,NA,NA,"FMNH","San Agustin","San Antonio","en","PhysicalObject","skin,skull",NA,NA,NA,NA,"http://fieldmuseum.org/about/copyright-information","Mammals",NA,NA,NA,NA,NA,NA,NA,"84777",NA,NA,NA,NA,NA,"mammals-24-sep-2020","Animalia Chordata Mammalia Primates Aotidae",NA,NA,NA,NA,NA,NA,"PH-5352",NA,NA,"South America, Colombia, Huila, San Agustin, Neotropics: San Antonio",NA,NA,"20","6999cd7a-b2a3-4f56-b5c4-0b0f1b70adba",NA,NA,NA,NA,NA,NA,"FMNH",NA,NA,"e71f36f1-e271-4720-a604-3c5a1418e7aa",NA,NA,NA,"published","2569904",NA,NA,NA,NA,NA,"99d66b6c-9087-452f-a9d4-f15f2c2d0e7e",NA,NA,NA,NA,NA,NA,NA,NA,NA,NA,NA
"20","665833082","Aotus lemurinus I.Geoffroy Saint-Hilaire, 1843",1.880468,-76.263344,"cdround,gass84,txmathi,colmafu,inmafu","41fc5c40-5e81-496f-9733-6b5681b3b7a5","7b8aff00-a9f8-11d8-944b-b8a03c50a862","3b84ff5b-79ce-427c-acb7-b4004e160f66","US","DWC_ARCHIVE","2021-03-28T07:21:58.756+00:00","2021-03-30T10:22:15.186+00:00",195,"7b8aff00-a9f8-11d8-944b-b8a03c50a862","PRESERVED_SPECIMEN","PRESENT",5219591,1,44,359,798,3239574,2436667,5219591,5219591,"Aotus lemurinus I.Geoffroy Saint-Hilaire, 1843","Animalia","Chordata","Primates","Aotidae","Aotus","Aotus lemurinus","Aotus","lemurinus","SPECIES","ACCEPTED","VU",NA,NA,"Huila",1951,9,26,"1951-09-26T00:00:00",NA,"2021-03-30T10:22:15.186+00:00",NA,"http://creativecommons.org/publicdomain/zero/1.0/legalcode","none","none","none",FALSE,"WGS84","Mammalia","COL","none","none","Colombia","The Field Museum of Natural History","b203584d-5f38-49f7-ae7a-dcc0cf79aaf0",NA,NA,NA,NA,NA,"Mammals","665833082","b203584d-5f38-49f7-ae7a-dcc0cf79aaf0",NA,"P. Hershkovitz","70680",NA,"FMNH",NA,NA,NA,NA,"Aotus lemurinus I.Geoffroy Saint-Hilaire, 1843",NA,NA,"FEMALE",NA,NA,NA,"SOUTH_AMERICA",NA,NA,NA,"FMNH","San Agustin","Rio Magdalena","en","PhysicalObject","skin,skull",NA,NA,NA,NA,"http://fieldmuseum.org/about/copyright-information","Mammals",NA,NA,NA,NA,NA,NA,NA,"84778",NA,NA,NA,NA,NA,"mammals-24-sep-2020","Animalia Chordata Mammalia Primates Aotidae",NA,NA,NA,NA,"degrees minutes seconds",NA,"PH-5514",NA,NA,"South America, Colombia, Huila, San Agustin, Neotropics: Rio Magdalena",NA,NA,"26","6999cd7a-b2a3-4f56-b5c4-0b0f1b70adba",NA,NA,NA,NA,NA,NA,"FMNH",NA,NA,"e71f36f1-e271-4720-a604-3c5a1418e7aa",NA,NA,NA,"MaNIS georeferencing guidelines","2569905",NA,NA,NA,NA,NA,"99d66b6c-9087-452f-a9d4-f15f2c2d0e7e",NA,NA,NA,NA,NA,NA,NA,NA,NA,NA,NA
"21","665831989","Aotus lemurinus I.Geoffroy Saint-Hilaire, 1843",6.55,-75.3,"gass84,txmathi,colmafu,inmafu","41fc5c40-5e81-496f-9733-6b5681b3b7a5","7b8aff00-a9f8-11d8-944b-b8a03c50a862","3b84ff5b-79ce-427c-acb7-b4004e160f66","US","DWC_ARCHIVE","2021-03-28T07:21:58.756+00:00","2021-03-30T10:22:12.887+00:00",195,"7b8aff00-a9f8-11d8-944b-b8a03c50a862","PRESERVED_SPECIMEN","PRESENT",5219591,1,44,359,798,3239574,2436667,5219591,5219591,"Aotus lemurinus I.Geoffroy Saint-Hilaire, 1843","Animalia","Chordata","Primates","Aotidae","Aotus","Aotus lemurinus","Aotus","lemurinus","SPECIES","ACCEPTED","VU",NA,NA,"Antioquia",1950,2,22,"1950-02-22T00:00:00",NA,"2021-03-30T10:22:12.887+00:00",NA,"http://creativecommons.org/publicdomain/zero/1.0/legalcode","none","none","none",FALSE,"WGS84","Mammalia","COL","none","none","Colombia","The Field Museum of Natural History","4982e5f8-cc3c-4254-8d2e-ca29c6cff8c1",NA,NA,NA,NA,NA,"Mammals","665831989","4982e5f8-cc3c-4254-8d2e-ca29c6cff8c1",NA,"P. Hershkovitz","69606",NA,"FMNH",NA,NA,NA,NA,"Aotus lemurinus I.Geoffroy Saint-Hilaire, 1843",NA,NA,"FEMALE",NA,1200,NA,"SOUTH_AMERICA",NA,NA,NA,"FMNH",NA,"Bellavista, 4 km NE, above Rio Porce","en","PhysicalObject","skin,skull,skel",NA,NA,NA,NA,"http://fieldmuseum.org/about/copyright-information","Mammals",NA,NA,NA,NA,NA,NA,NA,"9555",NA,NA,NA,NA,NA,"mammals-24-sep-2020","Animalia Chordata Mammalia Primates Aotidae",NA,NA,NA,NA,NA,NA,"PH-3963",NA,NA,"South America, Colombia, Antioquia, Neotropics: Bellavista, 4 km NE, above Rio Porce",NA,NA,"22","6999cd7a-b2a3-4f56-b5c4-0b0f1b70adba",NA,NA,NA,NA,NA,NA,"FMNH",NA,NA,"e71f36f1-e271-4720-a604-3c5a1418e7aa",NA,NA,NA,"published","2568831",NA,NA,NA,NA,NA,"99d66b6c-9087-452f-a9d4-f15f2c2d0e7e",NA,NA,NA,NA,NA,NA,NA,NA,NA,NA,NA
"22","665831990","Aotus lemurinus I.Geoffroy Saint-Hilaire, 1843",6.55,-75.3,"gass84,txmathi,colmafu,inmafu","41fc5c40-5e81-496f-9733-6b5681b3b7a5","7b8aff00-a9f8-11d8-944b-b8a03c50a862","3b84ff5b-79ce-427c-acb7-b4004e160f66","US","DWC_ARCHIVE","2021-03-28T07:21:58.756+00:00","2021-03-30T10:22:12.378+00:00",195,"7b8aff00-a9f8-11d8-944b-b8a03c50a862","PRESERVED_SPECIMEN","PRESENT",5219591,1,44,359,798,3239574,2436667,5219591,5219591,"Aotus lemurinus I.Geoffroy Saint-Hilaire, 1843","Animalia","Chordata","Primates","Aotidae","Aotus","Aotus lemurinus","Aotus","lemurinus","SPECIES","ACCEPTED","VU",NA,NA,"Antioquia",1950,2,22,"1950-02-22T00:00:00",NA,"2021-03-30T10:22:12.378+00:00",NA,"http://creativecommons.org/publicdomain/zero/1.0/legalcode","none","none","none",FALSE,"WGS84","Mammalia","COL","none","none","Colombia","The Field Museum of Natural History","398a3ec8-cf8d-4187-ace0-ad7f0f541a1c",NA,NA,NA,NA,NA,"Mammals","665831990","398a3ec8-cf8d-4187-ace0-ad7f0f541a1c",NA,"P. Hershkovitz","69607",NA,"FMNH",NA,NA,NA,NA,"Aotus lemurinus I.Geoffroy Saint-Hilaire, 1843",NA,NA,"FEMALE",NA,1200,NA,"SOUTH_AMERICA",NA,NA,NA,"FMNH",NA,"Bellavista, 4 km NE, above Rio Porce","en","PhysicalObject","skin,skull,skel",NA,NA,NA,NA,"http://fieldmuseum.org/about/copyright-information","Mammals",NA,NA,NA,NA,NA,NA,NA,"9556",NA,NA,NA,NA,NA,"mammals-24-sep-2020","Animalia Chordata Mammalia Primates Aotidae",NA,NA,NA,NA,NA,NA,"PH-3964",NA,NA,"South America, Colombia, Antioquia, Neotropics: Bellavista, 4 km NE, above Rio Porce",NA,NA,"22","6999cd7a-b2a3-4f56-b5c4-0b0f1b70adba",NA,NA,NA,NA,NA,NA,"FMNH",NA,NA,"e71f36f1-e271-4720-a604-3c5a1418e7aa",NA,NA,NA,"published","2568832",NA,NA,NA,NA,NA,"99d66b6c-9087-452f-a9d4-f15f2c2d0e7e",NA,NA,NA,NA,NA,NA,NA,NA,NA,NA,NA
"23","665831991","Aotus lemurinus I.Geoffroy Saint-Hilaire, 1843",6.55,-75.3,"gass84,txmathi,colmafu,inmafu","41fc5c40-5e81-496f-9733-6b5681b3b7a5","7b8aff00-a9f8-11d8-944b-b8a03c50a862","3b84ff5b-79ce-427c-acb7-b4004e160f66","US","DWC_ARCHIVE","2021-03-28T07:21:58.756+00:00","2021-03-30T10:22:12.871+00:00",195,"7b8aff00-a9f8-11d8-944b-b8a03c50a862","PRESERVED_SPECIMEN","PRESENT",5219591,1,44,359,798,3239574,2436667,5219591,5219591,"Aotus lemurinus I.Geoffroy Saint-Hilaire, 1843","Animalia","Chordata","Primates","Aotidae","Aotus","Aotus lemurinus","Aotus","lemurinus","SPECIES","ACCEPTED","VU",NA,NA,"Antioquia",1950,2,22,"1950-02-22T00:00:00",NA,"2021-03-30T10:22:12.871+00:00",NA,"http://creativecommons.org/publicdomain/zero/1.0/legalcode","none","none","none",FALSE,"WGS84","Mammalia","COL","none","none","Colombia","The Field Museum of Natural History","7f516058-7f86-4200-81e0-3c209fe0a708",NA,NA,NA,NA,NA,"Mammals","665831991","7f516058-7f86-4200-81e0-3c209fe0a708",NA,"P. Hershkovitz","69608",NA,"FMNH",NA,NA,NA,NA,"Aotus lemurinus I.Geoffroy Saint-Hilaire, 1843",NA,NA,"MALE",NA,1200,NA,"SOUTH_AMERICA",NA,NA,NA,"FMNH",NA,"Bellavista, 4 km NE, above Rio Porce","en","PhysicalObject","skin,skull,skel",NA,NA,NA,NA,"http://fieldmuseum.org/about/copyright-information","Mammals",NA,NA,NA,NA,NA,NA,NA,"9557",NA,NA,NA,NA,NA,"mammals-24-sep-2020","Animalia Chordata Mammalia Primates Aotidae",NA,NA,NA,NA,NA,NA,"PH-3965",NA,NA,"South America, Colombia, Antioquia, Neotropics: Bellavista, 4 km NE, above Rio Porce",NA,NA,"22","6999cd7a-b2a3-4f56-b5c4-0b0f1b70adba",NA,NA,NA,NA,NA,NA,"FMNH",NA,NA,"e71f36f1-e271-4720-a604-3c5a1418e7aa",NA,NA,NA,"published","2568833",NA,NA,NA,NA,NA,"99d66b6c-9087-452f-a9d4-f15f2c2d0e7e",NA,NA,NA,NA,NA,NA,NA,NA,NA,NA,NA
"24","665831992","Aotus lemurinus I.Geoffroy Saint-Hilaire, 1843",6.55,-75.3,"gass84,txmathi,colmafu,inmafu","41fc5c40-5e81-496f-9733-6b5681b3b7a5","7b8aff00-a9f8-11d8-944b-b8a03c50a862","3b84ff5b-79ce-427c-acb7-b4004e160f66","US","DWC_ARCHIVE","2021-03-28T07:21:58.756+00:00","2021-03-30T10:22:17.865+00:00",195,"7b8aff00-a9f8-11d8-944b-b8a03c50a862","PRESERVED_SPECIMEN","PRESENT",5219591,1,44,359,798,3239574,2436667,5219591,5219591,"Aotus lemurinus I.Geoffroy Saint-Hilaire, 1843","Animalia","Chordata","Primates","Aotidae","Aotus","Aotus lemurinus","Aotus","lemurinus","SPECIES","ACCEPTED","VU",NA,NA,"Antioquia",1950,2,24,"1950-02-24T00:00:00",NA,"2021-03-30T10:22:17.865+00:00",NA,"http://creativecommons.org/publicdomain/zero/1.0/legalcode","none","none","none",FALSE,"WGS84","Mammalia","COL","none","none","Colombia","The Field Museum of Natural History","d1a5b962-c920-40b8-89d8-176bacf5100a",NA,NA,NA,NA,NA,"Mammals","665831992","d1a5b962-c920-40b8-89d8-176bacf5100a",NA,"P. Hershkovitz","69609",NA,"FMNH",NA,NA,NA,NA,"Aotus lemurinus I.Geoffroy Saint-Hilaire, 1843",NA,NA,"MALE",NA,1200,NA,"SOUTH_AMERICA",NA,NA,NA,"FMNH",NA,"Bellavista, 4 km NE, above Rio Porce","en","PhysicalObject","skin,skull,skel",NA,NA,NA,NA,"http://fieldmuseum.org/about/copyright-information","Mammals",NA,NA,NA,NA,NA,NA,NA,"9558",NA,NA,NA,NA,NA,"mammals-24-sep-2020","Animalia Chordata Mammalia Primates Aotidae",NA,NA,NA,NA,NA,NA,"PH-3974",NA,NA,"South America, Colombia, Antioquia, Neotropics: Bellavista, 4 km NE, above Rio Porce",NA,NA,"24","6999cd7a-b2a3-4f56-b5c4-0b0f1b70adba",NA,NA,NA,NA,NA,NA,"FMNH",NA,NA,"e71f36f1-e271-4720-a604-3c5a1418e7aa",NA,NA,NA,"published","2568834",NA,NA,NA,NA,NA,"99d66b6c-9087-452f-a9d4-f15f2c2d0e7e",NA,NA,NA,NA,NA,NA,NA,NA,NA,NA,NA
"25","665831993","Aotus lemurinus I.Geoffroy Saint-Hilaire, 1843",6.55,-75.3,"gass84,txmathi,colmafu,inmafu","41fc5c40-5e81-496f-9733-6b5681b3b7a5","7b8aff00-a9f8-11d8-944b-b8a03c50a862","3b84ff5b-79ce-427c-acb7-b4004e160f66","US","DWC_ARCHIVE","2021-03-28T07:21:58.756+00:00","2021-03-30T10:22:13.082+00:00",195,"7b8aff00-a9f8-11d8-944b-b8a03c50a862","PRESERVED_SPECIMEN","PRESENT",5219591,1,44,359,798,3239574,2436667,5219591,5219591,"Aotus lemurinus I.Geoffroy Saint-Hilaire, 1843","Animalia","Chordata","Primates","Aotidae","Aotus","Aotus lemurinus","Aotus","lemurinus","SPECIES","ACCEPTED","VU",NA,NA,"Antioquia",1950,2,24,"1950-02-24T00:00:00",NA,"2021-03-30T10:22:13.082+00:00",NA,"http://creativecommons.org/publicdomain/zero/1.0/legalcode","none","none","none",FALSE,"WGS84","Mammalia","COL","none","none","Colombia","The Field Museum of Natural History","a4e29957-f326-43e4-b4a5-c32ffdb30599",NA,NA,NA,NA,NA,"Mammals","665831993","a4e29957-f326-43e4-b4a5-c32ffdb30599",NA,"P. Hershkovitz","69610",NA,"FMNH",NA,NA,NA,NA,"Aotus lemurinus I.Geoffroy Saint-Hilaire, 1843",NA,NA,"FEMALE",NA,1200,NA,"SOUTH_AMERICA",NA,NA,NA,"FMNH",NA,"Bellavista, 4 km NE, above Rio Porce","en","PhysicalObject","skin,skull,skel",NA,NA,NA,NA,"http://fieldmuseum.org/about/copyright-information","Mammals",NA,NA,NA,NA,NA,NA,NA,"9559",NA,NA,NA,NA,NA,"mammals-24-sep-2020","Animalia Chordata Mammalia Primates Aotidae",NA,NA,NA,NA,NA,NA,"PH-3975",NA,NA,"South America, Colombia, Antioquia, Neotropics: Bellavista, 4 km NE, above Rio Porce",NA,NA,"24","6999cd7a-b2a3-4f56-b5c4-0b0f1b70adba",NA,NA,NA,NA,NA,NA,"FMNH",NA,NA,"e71f36f1-e271-4720-a604-3c5a1418e7aa",NA,NA,NA,"published","2568835",NA,NA,NA,NA,NA,"99d66b6c-9087-452f-a9d4-f15f2c2d0e7e",NA,NA,NA,NA,NA,NA,NA,NA,NA,NA,NA
"26","665831994","Aotus lemurinus I.Geoffroy Saint-Hilaire, 1843",8.097215,-77.213341,"cdround,gass84,txmathi,colmafu,inmafu","41fc5c40-5e81-496f-9733-6b5681b3b7a5","7b8aff00-a9f8-11d8-944b-b8a03c50a862","3b84ff5b-79ce-427c-acb7-b4004e160f66","US","DWC_ARCHIVE","2021-03-28T07:21:58.756+00:00","2021-03-30T10:22:14.924+00:00",195,"7b8aff00-a9f8-11d8-944b-b8a03c50a862","PRESERVED_SPECIMEN","PRESENT",5219591,1,44,359,798,3239574,2436667,5219591,5219591,"Aotus lemurinus I.Geoffroy Saint-Hilaire, 1843","Animalia","Chordata","Primates","Aotidae","Aotus","Aotus lemurinus","Aotus","lemurinus","SPECIES","ACCEPTED","VU",NA,NA,"Choco",1950,3,27,"1950-03-27T00:00:00",NA,"2021-03-30T10:22:14.924+00:00",NA,"http://creativecommons.org/publicdomain/zero/1.0/legalcode","none","none","none",FALSE,"WGS84","Mammalia","COL","none","none","Colombia","The Field Museum of Natural History","a3a6ab60-78a5-4518-8199-85c72c163f09",NA,NA,NA,NA,NA,"Mammals","665831994","a3a6ab60-78a5-4518-8199-85c72c163f09",NA,"P. Hershkovitz","69611",NA,"FMNH",NA,NA,NA,NA,"Aotus lemurinus I.Geoffroy Saint-Hilaire, 1843",NA,NA,"FEMALE",NA,NA,NA,"SOUTH_AMERICA",NA,NA,NA,"FMNH",NA,"Unguia","en","PhysicalObject","skin,skull",NA,NA,NA,NA,"http://fieldmuseum.org/about/copyright-information","Mammals",NA,NA,NA,NA,NA,NA,NA,"9560",NA,NA,NA,NA,NA,"mammals-24-sep-2020","Animalia Chordata Mammalia Primates Aotidae",NA,NA,NA,NA,"degrees minutes seconds",NA,"PH-4168",NA,NA,"South America, Colombia, Choco, Neotropics: Unguia",NA,NA,"27","6999cd7a-b2a3-4f56-b5c4-0b0f1b70adba",NA,NA,NA,NA,NA,NA,"FMNH",NA,NA,"e71f36f1-e271-4720-a604-3c5a1418e7aa",NA,NA,NA,"MaNIS georeferencing guidelines","2568836",NA,NA,NA,NA,NA,"99d66b6c-9087-452f-a9d4-f15f2c2d0e7e",NA,NA,NA,NA,NA,NA,NA,NA,NA,NA,NA
"27","665831995","Aotus lemurinus I.Geoffroy Saint-Hilaire, 1843",7.9563,-76.603363,"cdround,gass84,txmathi,colmafu,inmafu","41fc5c40-5e81-496f-9733-6b5681b3b7a5","7b8aff00-a9f8-11d8-944b-b8a03c50a862","3b84ff5b-79ce-427c-acb7-b4004e160f66","US","DWC_ARCHIVE","2021-03-28T07:21:58.756+00:00","2021-03-30T10:22:17.534+00:00",195,"7b8aff00-a9f8-11d8-944b-b8a03c50a862","PRESERVED_SPECIMEN","PRESENT",5219591,1,44,359,798,3239574,2436667,5219591,5219591,"Aotus lemurinus I.Geoffroy Saint-Hilaire, 1843","Animalia","Chordata","Primates","Aotidae","Aotus","Aotus lemurinus","Aotus","lemurinus","SPECIES","ACCEPTED","VU",NA,NA,"Antioquia",1950,4,26,"1950-04-26T00:00:00",NA,"2021-03-30T10:22:17.534+00:00",NA,"http://creativecommons.org/publicdomain/zero/1.0/legalcode","none","none","none",FALSE,"WGS84","Mammalia","COL","none","none","Colombia","The Field Museum of Natural History","a7b42f05-c2fc-44b7-af0e-39eec72579e6",NA,NA,NA,NA,NA,"Mammals","665831995","a7b42f05-c2fc-44b7-af0e-39eec72579e6",NA,"P. Hershkovitz","69612",NA,"FMNH",NA,NA,NA,NA,"Aotus lemurinus I.Geoffroy Saint-Hilaire, 1843",NA,NA,"FEMALE",NA,50,NA,"SOUTH_AMERICA",NA,NA,NA,"FMNH","Uraba","Rio Currulao, 20 km SE Turbo","en","PhysicalObject","skin,skull",NA,NA,NA,NA,"http://fieldmuseum.org/about/copyright-information","Mammals",NA,NA,NA,NA,NA,NA,NA,"9561",NA,NA,NA,NA,NA,"mammals-24-sep-2020","Animalia Chordata Mammalia Primates Aotidae",NA,NA,NA,NA,"decimal degrees",NA,"PH-4267",NA,NA,"South America, Colombia, Antioquia, Uraba, Neotropics: Rio Currulao, 20 km SE Turbo",NA,NA,"26","6999cd7a-b2a3-4f56-b5c4-0b0f1b70adba",NA,NA,NA,NA,NA,NA,"FMNH",NA,NA,"e71f36f1-e271-4720-a604-3c5a1418e7aa",NA,NA,NA,"MaNIS georeferencing guidelines","2568837",NA,NA,NA,NA,NA,"99d66b6c-9087-452f-a9d4-f15f2c2d0e7e",NA,NA,NA,NA,NA,NA,NA,NA,NA,NA,NA
"28","665831996","Aotus lemurinus I.Geoffroy Saint-Hilaire, 1843",7.9563,-76.603363,"cdround,gass84,txmathi,colmafu,inmafu","41fc5c40-5e81-496f-9733-6b5681b3b7a5","7b8aff00-a9f8-11d8-944b-b8a03c50a862","3b84ff5b-79ce-427c-acb7-b4004e160f66","US","DWC_ARCHIVE","2021-03-28T07:21:58.756+00:00","2021-03-30T10:22:14.991+00:00",195,"7b8aff00-a9f8-11d8-944b-b8a03c50a862","PRESERVED_SPECIMEN","PRESENT",5219591,1,44,359,798,3239574,2436667,5219591,5219591,"Aotus lemurinus I.Geoffroy Saint-Hilaire, 1843","Animalia","Chordata","Primates","Aotidae","Aotus","Aotus lemurinus","Aotus","lemurinus","SPECIES","ACCEPTED","VU",NA,NA,"Antioquia",1950,4,30,"1950-04-30T00:00:00",NA,"2021-03-30T10:22:14.991+00:00",NA,"http://creativecommons.org/publicdomain/zero/1.0/legalcode","none","none","none",FALSE,"WGS84","Mammalia","COL","none","none","Colombia","The Field Museum of Natural History","91449fb3-ac35-43ae-88aa-e88733da4cea",NA,NA,NA,NA,NA,"Mammals","665831996","91449fb3-ac35-43ae-88aa-e88733da4cea",NA,"P. Hershkovitz","69613",NA,"FMNH",NA,NA,NA,NA,"Aotus lemurinus I.Geoffroy Saint-Hilaire, 1843",NA,NA,"FEMALE",NA,50,NA,"SOUTH_AMERICA",NA,NA,NA,"FMNH","Uraba","Rio Currulao, 20 km SE Turbo","en","PhysicalObject","skin,skull,skel",NA,NA,NA,NA,"http://fieldmuseum.org/about/copyright-information","Mammals",NA,NA,NA,NA,NA,NA,NA,"9562",NA,NA,NA,NA,NA,"mammals-24-sep-2020","Animalia Chordata Mammalia Primates Aotidae",NA,NA,NA,NA,"decimal degrees",NA,"PH-4284",NA,NA,"South America, Colombia, Antioquia, Uraba, Neotropics: Rio Currulao, 20 km SE Turbo",NA,NA,"30","6999cd7a-b2a3-4f56-b5c4-0b0f1b70adba",NA,NA,NA,NA,NA,NA,"FMNH",NA,NA,"e71f36f1-e271-4720-a604-3c5a1418e7aa",NA,NA,NA,"MaNIS georeferencing guidelines","2568838",NA,NA,NA,NA,NA,"99d66b6c-9087-452f-a9d4-f15f2c2d0e7e",NA,NA,NA,NA,NA,NA,NA,NA,NA,NA,NA
"29","1316534709","Aotus lemurinus I.Geoffroy Saint-Hilaire, 1843",2.233333,-76.166667,"cdround,gass84,colmano,inmano","e307fa47-ae87-4fc9-a1a5-b1415adac8be","76513b28-548d-480a-8859-bd7f45f8724b","68845aab-a453-4816-b36d-a3ec8455deb0","CO","DWC_ARCHIVE","2021-03-03T20:14:42.603+00:00","2021-03-09T12:28:33.232+00:00",180,"c4f66525-4d36-4c18-82ac-98e088f54db4","HUMAN_OBSERVATION","PRESENT",5219591,1,44,359,798,3239574,2436667,5219591,5219591,"Aotus lemurinus I.Geoffroy Saint-Hilaire, 1843","Animalia","Chordata","Primates","Aotidae","Aotus","Aotus lemurinus","Aotus","lemurinus","SPECIES","ACCEPTED","VU",NA,NA,"Cauca",1944,2,4,"1944-02-04T00:00:00",NA,"2021-03-09T12:28:33.232+00:00",NA,"http://creativecommons.org/licenses/by-nc/4.0/legalcode","none","none","none",FALSE,"WGS84","Mammalia","COL","none","none","Colombia",NA,"MHNUC:MHNUC-PRIMATES:M00073",NA,NA,NA,NA,NA,"MHNUC-PRIMATES","1316534709","MHNUC:MHNUC-PRIMATES:M00073",NA,"Héctor E. Ramírez-Chaves | Johana Villota","M00073",NA,"MHNUC",NA,NA,NA,NA,"Aotus lemurinus I.Geoffroy Saint-Hilaire, 1843",NA,NA,"MALE","Unknown",2400,NA,"SOUTH_AMERICA",NA,NA,NA,"891.500.319-2","Puracé","Moscopán","es","Objeto físico",NA,NA,NA,NA,NA,NA,"urn:lsid:biocol.org:col:14291",NA,NA,NA,NA,NA,"Moscopán",NA,NA,NA,NA,1,NA,NA,NA,NA,NA,NA,NA,NA,NA,NA,NA,NA,NA,NA,NA,NA,NA,NA,NA,NA,NA,NA,NA,NA,NA,NA,NA,NA,NA,NA,NA,NA,NA,NA,NA,NA,NA,NA,NA,NA,NA,NA,NA,NA,NA,NA,NA,NA,NA,NA
"30","1316534711","Aotus lemurinus I.Geoffroy Saint-Hilaire, 1843",4.636824,-75.571156,"gass84,colmano,inmano","e307fa47-ae87-4fc9-a1a5-b1415adac8be","76513b28-548d-480a-8859-bd7f45f8724b","68845aab-a453-4816-b36d-a3ec8455deb0","CO","DWC_ARCHIVE","2021-03-03T20:14:42.603+00:00","2021-03-09T12:28:33.233+00:00",180,"c4f66525-4d36-4c18-82ac-98e088f54db4","HUMAN_OBSERVATION","PRESENT",5219591,1,44,359,798,3239574,2436667,5219591,5219591,"Aotus lemurinus I.Geoffroy Saint-Hilaire, 1843","Animalia","Chordata","Primates","Aotidae","Aotus","Aotus lemurinus","Aotus","lemurinus","SPECIES","ACCEPTED","VU",NA,NA,"Quindío",1942,3,NA,"1942-03-01T00:00:00",NA,"2021-03-09T12:28:33.233+00:00",NA,"http://creativecommons.org/licenses/by-nc/4.0/legalcode","none","none","none",FALSE,"WGS84","Mammalia","COL","none","none","Colombia",NA,"MHNUC:MHNUC-PRIMATES:M00072",NA,NA,NA,NA,NA,"MHNUC-PRIMATES","1316534711","MHNUC:MHNUC-PRIMATES:M00072",NA,"Héctor E. Ramírez-Chaves | Johana Villota","M00072",NA,"MHNUC",NA,NA,NA,NA,"Aotus lemurinus I.Geoffroy Saint-Hilaire, 1843",NA,NA,"MALE","Unknown",200,NA,"SOUTH_AMERICA",NA,NA,NA,"891.500.319-2","Salento","Salento","es","Objeto físico",NA,NA,NA,NA,NA,NA,"urn:lsid:biocol.org:col:14291",NA,NA,NA,NA,NA,"Salento",NA,NA,NA,NA,1,NA,NA,NA,NA,NA,NA,NA,NA,NA,NA,NA,NA,NA,NA,NA,NA,NA,NA,NA,NA,NA,NA,NA,NA,NA,NA,NA,NA,NA,NA,NA,NA,NA,NA,NA,NA,NA,NA,NA,NA,NA,NA,NA,NA,NA,NA,NA,NA,NA,NA
"31","730252598","Aotus lemurinus I.Geoffroy Saint-Hilaire, 1843",5.75,-75.61,"gass84,colmano,inmano","371b386a-d67b-4646-897e-a27cc1101067","15b278a8-1356-4f7b-ba32-3c733c3d0aac","68845aab-a453-4816-b36d-a3ec8455deb0","CO","DWC_ARCHIVE","2021-03-23T20:35:27.610+00:00","2021-03-23T20:35:36.697+00:00",205,"c4f66525-4d36-4c18-82ac-98e088f54db4","HUMAN_OBSERVATION","PRESENT",5219591,1,44,359,798,3239574,2436667,5219591,5219591,"Aotus lemurinus I.Geoffroy Saint-Hilaire, 1843","Animalia","Chordata","Primates","Aotidae","Aotus","Aotus lemurinus","Aotus","lemurinus","SPECIES","ACCEPTED","VU",NA,NA,"Antioquia",NA,NA,NA,NA,"2008-09-17T00:00:00.000+00:00","2021-03-23T20:35:36.697+00:00",NA,"http://creativecommons.org/publicdomain/zero/1.0/legalcode","none","none","none",FALSE,"WGS84","Mammalia","COL","none","none","Colombia",NA,"Corantioquia-4755-205A98CA4E5F4503ACF3DFDA372E3FD0",NA,NA,NA,"Fauna reportada en la jurisdicción de Corantioquia",NA,"Corantioquia-M","730252598","Corantioquia-4755-205A98CA4E5F4503ACF3DFDA372E3FD0",NA,NA,"4755-929",NA,"Corantioquia",NA,NA,NA,NA,"Aotus lemurinus I.Geoffroy Saint-Hilaire, 1843",NA,NA,NA,NA,500,0,"SOUTH_AMERICA",NA,NA,NA,"8110002317-09","La Pintada",NA,"es","Evento",NA,NA,NA,NA,NA,NA,NA,NA,NA,NA,NA,NA,NA,NA,NA,NA,NA,NA,NA,NA,NA,NA,NA,NA,NA,NA,NA,NA,NA,NA,NA,NA,NA,NA,NA,NA,NA,NA,NA,NA,NA,NA,NA,NA,NA,NA,NA,NA,NA,NA,NA,NA,NA,NA,NA,NA,NA,NA,NA,NA,NA,NA,NA,NA,NA,NA,NA,NA
"32","730252788","Aotus lemurinus I.Geoffroy Saint-Hilaire, 1843",7.58,-75.35,"gass84,colmano,inmano","371b386a-d67b-4646-897e-a27cc1101067","15b278a8-1356-4f7b-ba32-3c733c3d0aac","68845aab-a453-4816-b36d-a3ec8455deb0","CO","DWC_ARCHIVE","2021-03-23T20:35:27.610+00:00","2021-03-23T20:35:37.003+00:00",205,"c4f66525-4d36-4c18-82ac-98e088f54db4","HUMAN_OBSERVATION","PRESENT",5219591,1,44,359,798,3239574,2436667,5219591,5219591,"Aotus lemurinus I.Geoffroy Saint-Hilaire, 1843","Animalia","Chordata","Primates","Aotidae","Aotus","Aotus lemurinus","Aotus","lemurinus","SPECIES","ACCEPTED","VU",NA,NA,"Antioquia",NA,NA,NA,NA,"2008-09-17T00:00:00.000+00:00","2021-03-23T20:35:37.003+00:00",NA,"http://creativecommons.org/publicdomain/zero/1.0/legalcode","none","none","none",FALSE,"WGS84","Mammalia","COL","none","none","Colombia",NA,"Corantioquia-4755-272E5FD4A81142969D2DCBFFEB5B8D56",NA,NA,NA,"Fauna reportada en la jurisdicción de Corantioquia",NA,"Corantioquia-M","730252788","Corantioquia-4755-272E5FD4A81142969D2DCBFFEB5B8D56",NA,NA,"4755-942",NA,"Corantioquia",NA,NA,NA,NA,"Aotus lemurinus I.Geoffroy Saint-Hilaire, 1843",NA,NA,NA,NA,100,0,"SOUTH_AMERICA",NA,NA,NA,"8110002317-09","Cáceres",NA,"es","Evento",NA,NA,NA,NA,NA,NA,NA,NA,NA,NA,NA,NA,NA,NA,NA,NA,NA,NA,NA,NA,NA,NA,NA,NA,NA,NA,NA,NA,NA,NA,NA,NA,NA,NA,NA,NA,NA,NA,NA,NA,NA,NA,NA,NA,NA,NA,NA,NA,NA,NA,NA,NA,NA,NA,NA,NA,NA,NA,NA,NA,NA,NA,NA,NA,NA,NA,NA,NA
"33","730252919","Aotus lemurinus I.Geoffroy Saint-Hilaire, 1843",5.66,-75.88,"gass84,colmano,inmano","371b386a-d67b-4646-897e-a27cc1101067","15b278a8-1356-4f7b-ba32-3c733c3d0aac","68845aab-a453-4816-b36d-a3ec8455deb0","CO","DWC_ARCHIVE","2021-03-23T20:35:27.610+00:00","2021-03-23T20:35:37.821+00:00",205,"c4f66525-4d36-4c18-82ac-98e088f54db4","HUMAN_OBSERVATION","PRESENT",5219591,1,44,359,798,3239574,2436667,5219591,5219591,"Aotus lemurinus I.Geoffroy Saint-Hilaire, 1843","Animalia","Chordata","Primates","Aotidae","Aotus","Aotus lemurinus","Aotus","lemurinus","SPECIES","ACCEPTED","VU",NA,NA,"Antioquia",NA,NA,NA,NA,"2008-09-17T00:00:00.000+00:00","2021-03-23T20:35:37.821+00:00",NA,"http://creativecommons.org/publicdomain/zero/1.0/legalcode","none","none","none",FALSE,"WGS84","Mammalia","COL","none","none","Colombia",NA,"Corantioquia-4755-2C15156B473742D6B7ECE2D297821507",NA,NA,NA,"Fauna reportada en la jurisdicción de Corantioquia",NA,"Corantioquia-M","730252919","Corantioquia-4755-2C15156B473742D6B7ECE2D297821507",NA,NA,"4755-922",NA,"Corantioquia",NA,NA,NA,NA,"Aotus lemurinus I.Geoffroy Saint-Hilaire, 1843",NA,NA,NA,NA,1400,0,"SOUTH_AMERICA",NA,NA,NA,"8110002317-09","Andes",NA,"es","Evento",NA,NA,NA,NA,NA,NA,NA,NA,NA,NA,NA,NA,NA,NA,NA,NA,NA,NA,NA,NA,NA,NA,NA,NA,NA,NA,NA,NA,NA,NA,NA,NA,NA,NA,NA,NA,NA,NA,NA,NA,NA,NA,NA,NA,NA,NA,NA,NA,NA,NA,NA,NA,NA,NA,NA,NA,NA,NA,NA,NA,NA,NA,NA,NA,NA,NA,NA,NA
"34","730253311","Aotus lemurinus I.Geoffroy Saint-Hilaire, 1843",7.99,-75.2,"gass84,colmano,inmano","371b386a-d67b-4646-897e-a27cc1101067","15b278a8-1356-4f7b-ba32-3c733c3d0aac","68845aab-a453-4816-b36d-a3ec8455deb0","CO","DWC_ARCHIVE","2021-03-23T20:35:27.610+00:00","2021-03-23T20:35:37.042+00:00",205,"c4f66525-4d36-4c18-82ac-98e088f54db4","HUMAN_OBSERVATION","PRESENT",5219591,1,44,359,798,3239574,2436667,5219591,5219591,"Aotus lemurinus I.Geoffroy Saint-Hilaire, 1843","Animalia","Chordata","Primates","Aotidae","Aotus","Aotus lemurinus","Aotus","lemurinus","SPECIES","ACCEPTED","VU",NA,NA,"Antioquia",NA,NA,NA,NA,"2008-09-17T00:00:00.000+00:00","2021-03-23T20:35:37.042+00:00",NA,"http://creativecommons.org/publicdomain/zero/1.0/legalcode","none","none","none",FALSE,"WGS84","Mammalia","COL","none","none","Colombia",NA,"Corantioquia-4755-397920AB3C1A4C888E64B33AC0F29809",NA,NA,NA,"Fauna reportada en la jurisdicción de Corantioquia",NA,"Corantioquia-M","730253311","Corantioquia-4755-397920AB3C1A4C888E64B33AC0F29809",NA,NA,"4755-943",NA,"Corantioquia",NA,NA,NA,NA,"Aotus lemurinus I.Geoffroy Saint-Hilaire, 1843",NA,NA,NA,NA,200,0,"SOUTH_AMERICA",NA,NA,NA,"8110002317-09","Caucasia",NA,"es","Evento",NA,NA,NA,NA,NA,NA,NA,NA,NA,NA,NA,NA,NA,NA,NA,NA,NA,NA,NA,NA,NA,NA,NA,NA,NA,NA,NA,NA,NA,NA,NA,NA,NA,NA,NA,NA,NA,NA,NA,NA,NA,NA,NA,NA,NA,NA,NA,NA,NA,NA,NA,NA,NA,NA,NA,NA,NA,NA,NA,NA,NA,NA,NA,NA,NA,NA,NA,NA
"35","730253506","Aotus lemurinus I.Geoffroy Saint-Hilaire, 1843",5.6,-75.82,"gass84,colmano,inmano","371b386a-d67b-4646-897e-a27cc1101067","15b278a8-1356-4f7b-ba32-3c733c3d0aac","68845aab-a453-4816-b36d-a3ec8455deb0","CO","DWC_ARCHIVE","2021-03-23T20:35:27.610+00:00","2021-03-23T20:35:37.710+00:00",205,"c4f66525-4d36-4c18-82ac-98e088f54db4","HUMAN_OBSERVATION","PRESENT",5219591,1,44,359,798,3239574,2436667,5219591,5219591,"Aotus lemurinus I.Geoffroy Saint-Hilaire, 1843","Animalia","Chordata","Primates","Aotidae","Aotus","Aotus lemurinus","Aotus","lemurinus","SPECIES","ACCEPTED","VU",NA,NA,"Antioquia",NA,NA,NA,NA,"2008-09-17T00:00:00.000+00:00","2021-03-23T20:35:37.710+00:00",NA,"http://creativecommons.org/publicdomain/zero/1.0/legalcode","none","none","none",FALSE,"WGS84","Mammalia","COL","none","none","Colombia",NA,"Corantioquia-4755-4120121CC5E144B9A75F57CBF757FF4A",NA,NA,NA,"Fauna reportada en la jurisdicción de Corantioquia",NA,"Corantioquia-M","730253506","Corantioquia-4755-4120121CC5E144B9A75F57CBF757FF4A",NA,NA,"4755-927",NA,"Corantioquia",NA,NA,NA,NA,"Aotus lemurinus I.Geoffroy Saint-Hilaire, 1843",NA,NA,NA,NA,1700,0,"SOUTH_AMERICA",NA,NA,NA,"8110002317-09","Jardín",NA,"es","Evento",NA,NA,NA,NA,NA,NA,NA,NA,NA,NA,NA,NA,NA,NA,NA,NA,NA,NA,NA,NA,NA,NA,NA,NA,NA,NA,NA,NA,NA,NA,NA,NA,NA,NA,NA,NA,NA,NA,NA,NA,NA,NA,NA,NA,NA,NA,NA,NA,NA,NA,NA,NA,NA,NA,NA,NA,NA,NA,NA,NA,NA,NA,NA,NA,NA,NA,NA,NA
"36","730254190","Aotus lemurinus I.Geoffroy Saint-Hilaire, 1843",6.42,-74.77,"gass84,colmano,inmano","371b386a-d67b-4646-897e-a27cc1101067","15b278a8-1356-4f7b-ba32-3c733c3d0aac","68845aab-a453-4816-b36d-a3ec8455deb0","CO","DWC_ARCHIVE","2021-03-23T20:35:27.610+00:00","2021-03-23T20:35:37.823+00:00",205,"c4f66525-4d36-4c18-82ac-98e088f54db4","HUMAN_OBSERVATION","PRESENT",5219591,1,44,359,798,3239574,2436667,5219591,5219591,"Aotus lemurinus I.Geoffroy Saint-Hilaire, 1843","Animalia","Chordata","Primates","Aotidae","Aotus","Aotus lemurinus","Aotus","lemurinus","SPECIES","ACCEPTED","VU",NA,NA,"Antioquia",NA,NA,NA,NA,"2008-09-17T00:00:00.000+00:00","2021-03-23T20:35:37.823+00:00",NA,"http://creativecommons.org/publicdomain/zero/1.0/legalcode","none","none","none",FALSE,"WGS84","Mammalia","COL","none","none","Colombia",NA,"Corantioquia-4755-5A18DFF40B454485BF03D2C336EFA377",NA,NA,NA,"Fauna reportada en la jurisdicción de Corantioquia",NA,"Corantioquia-M","730254190","Corantioquia-4755-5A18DFF40B454485BF03D2C336EFA377",NA,NA,"4755-931",NA,"Corantioquia",NA,NA,NA,NA,"Aotus lemurinus I.Geoffroy Saint-Hilaire, 1843",NA,NA,NA,NA,600,0,"SOUTH_AMERICA",NA,NA,NA,"8110002317-09","Caracolí",NA,"es","Evento",NA,NA,NA,NA,NA,NA,NA,NA,NA,NA,NA,NA,NA,NA,NA,NA,NA,NA,NA,NA,NA,NA,NA,NA,NA,NA,NA,NA,NA,NA,NA,NA,NA,NA,NA,NA,NA,NA,NA,NA,NA,NA,NA,NA,NA,NA,NA,NA,NA,NA,NA,NA,NA,NA,NA,NA,NA,NA,NA,NA,NA,NA,NA,NA,NA,NA,NA,NA
"37","730254613","Aotus lemurinus I.Geoffroy Saint-Hilaire, 1843",5.66,-75.88,"gass84,colmano,inmano","371b386a-d67b-4646-897e-a27cc1101067","15b278a8-1356-4f7b-ba32-3c733c3d0aac","68845aab-a453-4816-b36d-a3ec8455deb0","CO","DWC_ARCHIVE","2021-03-23T20:35:27.610+00:00","2021-03-23T20:35:37.635+00:00",205,"c4f66525-4d36-4c18-82ac-98e088f54db4","HUMAN_OBSERVATION","PRESENT",5219591,1,44,359,798,3239574,2436667,5219591,5219591,"Aotus lemurinus I.Geoffroy Saint-Hilaire, 1843","Animalia","Chordata","Primates","Aotidae","Aotus","Aotus lemurinus","Aotus","lemurinus","SPECIES","ACCEPTED","VU",NA,NA,"Antioquia",NA,NA,NA,NA,"2008-09-17T00:00:00.000+00:00","2021-03-23T20:35:37.635+00:00",NA,"http://creativecommons.org/publicdomain/zero/1.0/legalcode","none","none","none",FALSE,"WGS84","Mammalia","COL","none","none","Colombia",NA,"Corantioquia-4755-66F3165644784AA9B13B5AF34C122FD0",NA,NA,NA,"Fauna reportada en la jurisdicción de Corantioquia",NA,"Corantioquia-M","730254613","Corantioquia-4755-66F3165644784AA9B13B5AF34C122FD0",NA,NA,"4755-944",NA,"Corantioquia",NA,NA,NA,NA,"Aotus lemurinus I.Geoffroy Saint-Hilaire, 1843",NA,NA,NA,NA,100,0,"SOUTH_AMERICA",NA,NA,NA,"8110002317-09","El Bagre",NA,"es","Evento",NA,NA,NA,NA,NA,NA,NA,NA,NA,NA,NA,NA,NA,NA,NA,NA,NA,NA,NA,NA,NA,NA,NA,NA,NA,NA,NA,NA,NA,NA,NA,NA,NA,NA,NA,NA,NA,NA,NA,NA,NA,NA,NA,NA,NA,NA,NA,NA,NA,NA,NA,NA,NA,NA,NA,NA,NA,NA,NA,NA,NA,NA,NA,NA,NA,NA,NA,NA
"38","730254750","Aotus lemurinus I.Geoffroy Saint-Hilaire, 1843",6.18,-74.58,"gass84,colmano,inmano","371b386a-d67b-4646-897e-a27cc1101067","15b278a8-1356-4f7b-ba32-3c733c3d0aac","68845aab-a453-4816-b36d-a3ec8455deb0","CO","DWC_ARCHIVE","2021-03-23T20:35:27.610+00:00","2021-03-23T20:35:36.363+00:00",205,"c4f66525-4d36-4c18-82ac-98e088f54db4","HUMAN_OBSERVATION","PRESENT",5219591,1,44,359,798,3239574,2436667,5219591,5219591,"Aotus lemurinus I.Geoffroy Saint-Hilaire, 1843","Animalia","Chordata","Primates","Aotidae","Aotus","Aotus lemurinus","Aotus","lemurinus","SPECIES","ACCEPTED","VU",NA,NA,"Antioquia",NA,NA,NA,NA,"2008-09-17T00:00:00.000+00:00","2021-03-23T20:35:36.363+00:00",NA,"http://creativecommons.org/publicdomain/zero/1.0/legalcode","none","none","none",FALSE,"WGS84","Mammalia","COL","none","none","Colombia",NA,"Corantioquia-4755-6D35AE29418B4B6399AA654BCCE650A1",NA,NA,NA,"Fauna reportada en la jurisdicción de Corantioquia",NA,"Corantioquia-M","730254750","Corantioquia-4755-6D35AE29418B4B6399AA654BCCE650A1",NA,NA,"4755-935",NA,"Corantioquia",NA,NA,NA,NA,"Aotus lemurinus I.Geoffroy Saint-Hilaire, 1843",NA,NA,NA,NA,125,0,"SOUTH_AMERICA",NA,NA,NA,"8110002317-09","Puerto Nare",NA,"es","Evento",NA,NA,NA,NA,NA,NA,NA,NA,NA,NA,NA,NA,NA,NA,NA,NA,NA,NA,NA,NA,NA,NA,NA,NA,NA,NA,NA,NA,NA,NA,NA,NA,NA,NA,NA,NA,NA,NA,NA,NA,NA,NA,NA,NA,NA,NA,NA,NA,NA,NA,NA,NA,NA,NA,NA,NA,NA,NA,NA,NA,NA,NA,NA,NA,NA,NA,NA,NA
"39","730255143","Aotus lemurinus I.Geoffroy Saint-Hilaire, 1843",6.6,-75.02,"gass84,colmano,inmano","371b386a-d67b-4646-897e-a27cc1101067","15b278a8-1356-4f7b-ba32-3c733c3d0aac","68845aab-a453-4816-b36d-a3ec8455deb0","CO","DWC_ARCHIVE","2021-03-23T20:35:27.610+00:00","2021-03-23T20:35:37.192+00:00",205,"c4f66525-4d36-4c18-82ac-98e088f54db4","HUMAN_OBSERVATION","PRESENT",5219591,1,44,359,798,3239574,2436667,5219591,5219591,"Aotus lemurinus I.Geoffroy Saint-Hilaire, 1843","Animalia","Chordata","Primates","Aotidae","Aotus","Aotus lemurinus","Aotus","lemurinus","SPECIES","ACCEPTED","VU",NA,NA,"Antioquia",NA,NA,NA,NA,"2008-09-17T00:00:00.000+00:00","2021-03-23T20:35:37.192+00:00",NA,"http://creativecommons.org/publicdomain/zero/1.0/legalcode","none","none","none",FALSE,"WGS84","Mammalia","COL","none","none","Colombia",NA,"Corantioquia-4755-7C35A5687FD9499AAE80F888EE7F33A3",NA,NA,NA,"Fauna reportada en la jurisdicción de Corantioquia",NA,"Corantioquia-M","730255143","Corantioquia-4755-7C35A5687FD9499AAE80F888EE7F33A3",NA,NA,"4755-939",NA,"Corantioquia",NA,NA,NA,NA,"Aotus lemurinus I.Geoffroy Saint-Hilaire, 1843",NA,NA,NA,NA,1450,0,"SOUTH_AMERICA",NA,NA,NA,"8110002317-09","Yolombó",NA,"es","Evento",NA,NA,NA,NA,NA,NA,NA,NA,NA,NA,NA,NA,NA,NA,NA,NA,NA,NA,NA,NA,NA,NA,NA,NA,NA,NA,NA,NA,NA,NA,NA,NA,NA,NA,NA,NA,NA,NA,NA,NA,NA,NA,NA,NA,NA,NA,NA,NA,NA,NA,NA,NA,NA,NA,NA,NA,NA,NA,NA,NA,NA,NA,NA,NA,NA,NA,NA,NA
"40","730255674","Aotus lemurinus I.Geoffroy Saint-Hilaire, 1843",7.07,-75.15,"gass84,colmano,inmano","371b386a-d67b-4646-897e-a27cc1101067","15b278a8-1356-4f7b-ba32-3c733c3d0aac","68845aab-a453-4816-b36d-a3ec8455deb0","CO","DWC_ARCHIVE","2021-03-23T20:35:27.610+00:00","2021-03-23T20:35:36.454+00:00",205,"c4f66525-4d36-4c18-82ac-98e088f54db4","HUMAN_OBSERVATION","PRESENT",5219591,1,44,359,798,3239574,2436667,5219591,5219591,"Aotus lemurinus I.Geoffroy Saint-Hilaire, 1843","Animalia","Chordata","Primates","Aotidae","Aotus","Aotus lemurinus","Aotus","lemurinus","SPECIES","ACCEPTED","VU",NA,NA,"Antioquia",NA,NA,NA,NA,"2008-09-17T00:00:00.000+00:00","2021-03-23T20:35:36.454+00:00",NA,"http://creativecommons.org/publicdomain/zero/1.0/legalcode","none","none","none",FALSE,"WGS84","Mammalia","COL","none","none","Colombia",NA,"Corantioquia-4755-900B0A672935462398D747AFEFC2CE33",NA,NA,NA,"Fauna reportada en la jurisdicción de Corantioquia",NA,"Corantioquia-M","730255674","Corantioquia-4755-900B0A672935462398D747AFEFC2CE33",NA,NA,"4755-917",NA,"Corantioquia",NA,NA,NA,NA,"Aotus lemurinus I.Geoffroy Saint-Hilaire, 1843",NA,NA,NA,NA,1500,0,"SOUTH_AMERICA",NA,NA,NA,"8110002317-09","Anorí",NA,"es","Evento",NA,NA,NA,NA,NA,NA,NA,NA,NA,NA,NA,NA,NA,NA,NA,NA,NA,NA,NA,NA,NA,NA,NA,NA,NA,NA,NA,NA,NA,NA,NA,NA,NA,NA,NA,NA,NA,NA,NA,NA,NA,NA,NA,NA,NA,NA,NA,NA,NA,NA,NA,NA,NA,NA,NA,NA,NA,NA,NA,NA,NA,NA,NA,NA,NA,NA,NA,NA
"41","730255778","Aotus lemurinus I.Geoffroy Saint-Hilaire, 1843",5.97,-75.98,"gass84,colmano,inmano","371b386a-d67b-4646-897e-a27cc1101067","15b278a8-1356-4f7b-ba32-3c733c3d0aac","68845aab-a453-4816-b36d-a3ec8455deb0","CO","DWC_ARCHIVE","2021-03-23T20:35:27.610+00:00","2021-03-23T20:35:37.740+00:00",205,"c4f66525-4d36-4c18-82ac-98e088f54db4","HUMAN_OBSERVATION","PRESENT",5219591,1,44,359,798,3239574,2436667,5219591,5219591,"Aotus lemurinus I.Geoffroy Saint-Hilaire, 1843","Animalia","Chordata","Primates","Aotidae","Aotus","Aotus lemurinus","Aotus","lemurinus","SPECIES","ACCEPTED","VU",NA,NA,"Antioquia",NA,NA,NA,NA,"2008-09-17T00:00:00.000+00:00","2021-03-23T20:35:37.740+00:00",NA,"http://creativecommons.org/publicdomain/zero/1.0/legalcode","none","none","none",FALSE,"WGS84","Mammalia","COL","none","none","Colombia",NA,"Corantioquia-4755-94703439CCE641CEB76C65AA8BD6C279",NA,NA,NA,"Fauna reportada en la jurisdicción de Corantioquia",NA,"Corantioquia-M","730255778","Corantioquia-4755-94703439CCE641CEB76C65AA8BD6C279",NA,NA,"4755-928",NA,"Corantioquia",NA,NA,NA,NA,"Aotus lemurinus I.Geoffroy Saint-Hilaire, 1843",NA,NA,NA,NA,1200,0,"SOUTH_AMERICA",NA,NA,NA,"8110002317-09","Salgar",NA,"es","Evento",NA,NA,NA,NA,NA,NA,NA,NA,NA,NA,NA,NA,NA,NA,NA,NA,NA,NA,NA,NA,NA,NA,NA,NA,NA,NA,NA,NA,NA,NA,NA,NA,NA,NA,NA,NA,NA,NA,NA,NA,NA,NA,NA,NA,NA,NA,NA,NA,NA,NA,NA,NA,NA,NA,NA,NA,NA,NA,NA,NA,NA,NA,NA,NA,NA,NA,NA,NA
"42","730256006","Aotus lemurinus I.Geoffroy Saint-Hilaire, 1843",6.5,-74.71,"gass84,colmano,inmano","371b386a-d67b-4646-897e-a27cc1101067","15b278a8-1356-4f7b-ba32-3c733c3d0aac","68845aab-a453-4816-b36d-a3ec8455deb0","CO","DWC_ARCHIVE","2021-03-23T20:35:27.610+00:00","2021-03-23T20:35:37.154+00:00",205,"c4f66525-4d36-4c18-82ac-98e088f54db4","HUMAN_OBSERVATION","PRESENT",5219591,1,44,359,798,3239574,2436667,5219591,5219591,"Aotus lemurinus I.Geoffroy Saint-Hilaire, 1843","Animalia","Chordata","Primates","Aotidae","Aotus","Aotus lemurinus","Aotus","lemurinus","SPECIES","ACCEPTED","VU",NA,NA,"Antioquia",NA,NA,NA,NA,"2008-09-17T00:00:00.000+00:00","2021-03-23T20:35:37.154+00:00",NA,"http://creativecommons.org/publicdomain/zero/1.0/legalcode","none","none","none",FALSE,"WGS84","Mammalia","COL","none","none","Colombia",NA,"Corantioquia-4755-9D2B0DEA5C404D41B40F27B7D06B87FC",NA,NA,NA,"Fauna reportada en la jurisdicción de Corantioquia",NA,"Corantioquia-M","730256006","Corantioquia-4755-9D2B0DEA5C404D41B40F27B7D06B87FC",NA,NA,"4755-934",NA,"Corantioquia",NA,NA,NA,NA,"Aotus lemurinus I.Geoffroy Saint-Hilaire, 1843",NA,NA,NA,NA,200,0,"SOUTH_AMERICA",NA,NA,NA,"8110002317-09","Puerto Berrío",NA,"es","Evento",NA,NA,NA,NA,NA,NA,NA,NA,NA,NA,NA,NA,NA,NA,NA,NA,NA,NA,NA,NA,NA,NA,NA,NA,NA,NA,NA,NA,NA,NA,NA,NA,NA,NA,NA,NA,NA,NA,NA,NA,NA,NA,NA,NA,NA,NA,NA,NA,NA,NA,NA,NA,NA,NA,NA,NA,NA,NA,NA,NA,NA,NA,NA,NA,NA,NA,NA,NA
"43","730256167","Aotus lemurinus I.Geoffroy Saint-Hilaire, 1843",6.91,-75.07,"gass84,colmano,inmano","371b386a-d67b-4646-897e-a27cc1101067","15b278a8-1356-4f7b-ba32-3c733c3d0aac","68845aab-a453-4816-b36d-a3ec8455deb0","CO","DWC_ARCHIVE","2021-03-23T20:35:27.610+00:00","2021-03-23T20:35:37.603+00:00",205,"c4f66525-4d36-4c18-82ac-98e088f54db4","HUMAN_OBSERVATION","PRESENT",5219591,1,44,359,798,3239574,2436667,5219591,5219591,"Aotus lemurinus I.Geoffroy Saint-Hilaire, 1843","Animalia","Chordata","Primates","Aotidae","Aotus","Aotus lemurinus","Aotus","lemurinus","SPECIES","ACCEPTED","VU",NA,NA,"Antioquia",NA,NA,NA,NA,"2008-09-17T00:00:00.000+00:00","2021-03-23T20:35:37.603+00:00",NA,"http://creativecommons.org/publicdomain/zero/1.0/legalcode","none","none","none",FALSE,"WGS84","Mammalia","COL","none","none","Colombia",NA,"Corantioquia-4755-A433703601C64D1BA314D388416E46D8",NA,NA,NA,"Fauna reportada en la jurisdicción de Corantioquia",NA,"Corantioquia-M","730256167","Corantioquia-4755-A433703601C64D1BA314D388416E46D8",NA,NA,"4755-930",NA,"Corantioquia",NA,NA,NA,NA,"Aotus lemurinus I.Geoffroy Saint-Hilaire, 1843",NA,NA,NA,NA,1600,0,"SOUTH_AMERICA",NA,NA,NA,"8110002317-09","Amalfi",NA,"es","Evento",NA,NA,NA,NA,NA,NA,NA,NA,NA,NA,NA,NA,NA,NA,NA,NA,NA,NA,NA,NA,NA,NA,NA,NA,NA,NA,NA,NA,NA,NA,NA,NA,NA,NA,NA,NA,NA,NA,NA,NA,NA,NA,NA,NA,NA,NA,NA,NA,NA,NA,NA,NA,NA,NA,NA,NA,NA,NA,NA,NA,NA,NA,NA,NA,NA,NA,NA,NA
"44","730256463","Aotus lemurinus I.Geoffroy Saint-Hilaire, 1843",7.5,-74.87,"gass84,colmano,inmano","371b386a-d67b-4646-897e-a27cc1101067","15b278a8-1356-4f7b-ba32-3c733c3d0aac","68845aab-a453-4816-b36d-a3ec8455deb0","CO","DWC_ARCHIVE","2021-03-23T20:35:27.610+00:00","2021-03-23T20:35:36.293+00:00",205,"c4f66525-4d36-4c18-82ac-98e088f54db4","HUMAN_OBSERVATION","PRESENT",5219591,1,44,359,798,3239574,2436667,5219591,5219591,"Aotus lemurinus I.Geoffroy Saint-Hilaire, 1843","Animalia","Chordata","Primates","Aotidae","Aotus","Aotus lemurinus","Aotus","lemurinus","SPECIES","ACCEPTED","VU",NA,NA,"Antioquia",NA,NA,NA,NA,"2008-09-17T00:00:00.000+00:00","2021-03-23T20:35:36.293+00:00",NA,"http://creativecommons.org/publicdomain/zero/1.0/legalcode","none","none","none",FALSE,"WGS84","Mammalia","COL","none","none","Colombia",NA,"Corantioquia-4755-AE2FC53D41BB4C2C85847572986EEE04",NA,NA,NA,"Fauna reportada en la jurisdicción de Corantioquia",NA,"Corantioquia-M","730256463","Corantioquia-4755-AE2FC53D41BB4C2C85847572986EEE04",NA,NA,"4755-948",NA,"Corantioquia",NA,NA,NA,NA,"Aotus lemurinus I.Geoffroy Saint-Hilaire, 1843",NA,NA,NA,NA,100,0,"SOUTH_AMERICA",NA,NA,NA,"8110002317-09","Zaragoza",NA,"es","Evento",NA,NA,NA,NA,NA,NA,NA,NA,NA,NA,NA,NA,NA,NA,NA,NA,NA,NA,NA,NA,NA,NA,NA,NA,NA,NA,NA,NA,NA,NA,NA,NA,NA,NA,NA,NA,NA,NA,NA,NA,NA,NA,NA,NA,NA,NA,NA,NA,NA,NA,NA,NA,NA,NA,NA,NA,NA,NA,NA,NA,NA,NA,NA,NA,NA,NA,NA,NA
"45","730257948","Aotus lemurinus I.Geoffroy Saint-Hilaire, 1843",7.18,-75.77,"gass84,colmano,inmano","371b386a-d67b-4646-897e-a27cc1101067","15b278a8-1356-4f7b-ba32-3c733c3d0aac","68845aab-a453-4816-b36d-a3ec8455deb0","CO","DWC_ARCHIVE","2021-03-23T20:35:27.610+00:00","2021-03-23T20:35:37.221+00:00",205,"c4f66525-4d36-4c18-82ac-98e088f54db4","HUMAN_OBSERVATION","PRESENT",5219591,1,44,359,798,3239574,2436667,5219591,5219591,"Aotus lemurinus I.Geoffroy Saint-Hilaire, 1843","Animalia","Chordata","Primates","Aotidae","Aotus","Aotus lemurinus","Aotus","lemurinus","SPECIES","ACCEPTED","VU",NA,NA,"Antioquia",NA,NA,NA,NA,"2008-09-17T00:00:00.000+00:00","2021-03-23T20:35:37.221+00:00",NA,"http://creativecommons.org/publicdomain/zero/1.0/legalcode","none","none","none",FALSE,"WGS84","Mammalia","COL","none","none","Colombia",NA,"Corantioquia-4755-E5CC144397AE4EEA9E393927B2B88D16",NA,NA,NA,"Fauna reportada en la jurisdicción de Corantioquia",NA,"Corantioquia-M","730257948","Corantioquia-4755-E5CC144397AE4EEA9E393927B2B88D16",NA,NA,"4755-921",NA,"Corantioquia",NA,NA,NA,NA,"Aotus lemurinus I.Geoffroy Saint-Hilaire, 1843",NA,NA,NA,NA,1500,0,"SOUTH_AMERICA",NA,NA,NA,"8110002317-09","Ituango",NA,"es","Evento",NA,NA,NA,NA,NA,NA,NA,NA,NA,NA,NA,NA,NA,NA,NA,NA,NA,NA,NA,NA,NA,NA,NA,NA,NA,NA,NA,NA,NA,NA,NA,NA,NA,NA,NA,NA,NA,NA,NA,NA,NA,NA,NA,NA,NA,NA,NA,NA,NA,NA,NA,NA,NA,NA,NA,NA,NA,NA,NA,NA,NA,NA,NA,NA,NA,NA,NA,NA
"46","730258234","Aotus lemurinus I.Geoffroy Saint-Hilaire, 1843",6.56,-74.79,"gass84,colmano,inmano","371b386a-d67b-4646-897e-a27cc1101067","15b278a8-1356-4f7b-ba32-3c733c3d0aac","68845aab-a453-4816-b36d-a3ec8455deb0","CO","DWC_ARCHIVE","2021-03-23T20:35:27.610+00:00","2021-03-23T20:35:37.729+00:00",205,"c4f66525-4d36-4c18-82ac-98e088f54db4","HUMAN_OBSERVATION","PRESENT",5219591,1,44,359,798,3239574,2436667,5219591,5219591,"Aotus lemurinus I.Geoffroy Saint-Hilaire, 1843","Animalia","Chordata","Primates","Aotidae","Aotus","Aotus lemurinus","Aotus","lemurinus","SPECIES","ACCEPTED","VU",NA,NA,"Antioquia",NA,NA,NA,NA,"2008-09-17T00:00:00.000+00:00","2021-03-23T20:35:37.729+00:00",NA,"http://creativecommons.org/publicdomain/zero/1.0/legalcode","none","none","none",FALSE,"WGS84","Mammalia","COL","none","none","Colombia",NA,"Corantioquia-4755-F13AF1F11B824A679398AC69875394D9",NA,NA,NA,"Fauna reportada en la jurisdicción de Corantioquia",NA,"Corantioquia-M","730258234","Corantioquia-4755-F13AF1F11B824A679398AC69875394D9",NA,NA,"4755-933",NA,"Corantioquia",NA,NA,NA,NA,"Aotus lemurinus I.Geoffroy Saint-Hilaire, 1843",NA,NA,NA,NA,900,0,"SOUTH_AMERICA",NA,NA,NA,"8110002317-09","Maceo",NA,"es","Evento",NA,NA,NA,NA,NA,NA,NA,NA,NA,NA,NA,NA,NA,NA,NA,NA,NA,NA,NA,NA,NA,NA,NA,NA,NA,NA,NA,NA,NA,NA,NA,NA,NA,NA,NA,NA,NA,NA,NA,NA,NA,NA,NA,NA,NA,NA,NA,NA,NA,NA,NA,NA,NA,NA,NA,NA,NA,NA,NA,NA,NA,NA,NA,NA,NA,NA,NA,NA
"47","865710064","Aotus lemurinus I.Geoffroy Saint-Hilaire, 1843",6.47,-65.67,"gass84,rdativ,colmano,inmafu","5a659248-1f70-11e3-b2c5-00145eb45e9a","23539a57-1347-4dd3-af2a-cf9478563baa","60416b42-f762-11e1-a439-00145eb45e9a","CH","BIOCASE","2021-08-24T10:02:40.358+00:00","2021-08-24T12:29:27.768+00:00",211,"23539a57-1347-4dd3-af2a-cf9478563baa","PRESERVED_SPECIMEN","PRESENT",5219591,1,44,359,798,3239574,2436667,5219591,5219591,"Aotus lemurinus I.Geoffroy Saint-Hilaire, 1843","Animalia","Chordata","Primates","Aotidae","Aotus","Aotus lemurinus","Aotus","lemurinus","SPECIES","ACCEPTED","VU",NA,NA,NA,NA,NA,NA,NA,NA,"2021-08-24T12:29:27.768+00:00",NA,"http://creativecommons.org/licenses/by-nc/4.0/legalcode","none","none","none",FALSE,"WGS84","Mammalia","VEN","none","none","Venezuela (Bolivarian Republic of)",NA,NA,NA,NA,NA,NA,NA,"Mammals housed at MHNG, Geneva","865710064",NA,NA,"Verreaux","MHNG-MAM-565.096",NA,"MHNG",NA,NA,NA,NA,"Aotus lemurinus I.Geoffroy Saint-Hilaire, 1843",NA,NA,NA,NA,NA,NA,NA,NA,NA,NA,NA,NA,NA,NA,NA,NA,NA,NA,NA,NA,NA,NA,NA,NA,NA,NA,NA,NA,NA,NA,NA,NA,NA,NA,NA,NA,NA,NA,NA,NA,NA,NA,NA,NA,NA,NA,NA,NA,NA,NA,NA,NA,NA,NA,NA,NA,NA,NA,NA,NA,"8d572607-d32c-4477-8834-c9dbe76c57f9",NA,NA,NA,NA,NA,NA,NA,NA,NA,NA,"99d66b6c-9087-452f-a9d4-f15f2c2d0e7e",NA,NA,NA,NA,NA,NA,NA,NA,NA,NA,NA
"48","865710065","Aotus lemurinus I.Geoffroy Saint-Hilaire, 1843",6.47,-65.67,"gass84,rdativ,colmano,inmafu","5a659248-1f70-11e3-b2c5-00145eb45e9a","23539a57-1347-4dd3-af2a-cf9478563baa","60416b42-f762-11e1-a439-00145eb45e9a","CH","BIOCASE","2021-08-24T10:02:40.358+00:00","2021-08-24T12:29:26.707+00:00",211,"23539a57-1347-4dd3-af2a-cf9478563baa","PRESERVED_SPECIMEN","PRESENT",5219591,1,44,359,798,3239574,2436667,5219591,5219591,"Aotus lemurinus I.Geoffroy Saint-Hilaire, 1843","Animalia","Chordata","Primates","Aotidae","Aotus","Aotus lemurinus","Aotus","lemurinus","SPECIES","ACCEPTED","VU",NA,NA,NA,NA,NA,NA,NA,NA,"2021-08-24T12:29:26.707+00:00",NA,"http://creativecommons.org/licenses/by-nc/4.0/legalcode","none","none","none",FALSE,"WGS84","Mammalia","VEN","none","none","Venezuela (Bolivarian Republic of)",NA,NA,NA,NA,NA,NA,NA,"Mammals housed at MHNG, Geneva","865710065",NA,NA,"Verreaux","MHNG-MAM-566.013",NA,"MHNG",NA,NA,NA,NA,"Aotus lemurinus I.Geoffroy Saint-Hilaire, 1843",NA,NA,NA,NA,NA,NA,NA,NA,NA,NA,NA,NA,NA,NA,NA,NA,NA,NA,NA,NA,NA,NA,NA,NA,NA,NA,NA,NA,NA,NA,NA,NA,NA,NA,NA,NA,NA,NA,NA,NA,NA,NA,NA,NA,NA,NA,NA,NA,NA,NA,NA,NA,NA,NA,NA,NA,NA,NA,NA,NA,"8d572607-d32c-4477-8834-c9dbe76c57f9",NA,NA,NA,NA,NA,NA,NA,NA,NA,NA,"99d66b6c-9087-452f-a9d4-f15f2c2d0e7e",NA,NA,NA,NA,NA,NA,NA,NA,NA,NA,NA
"49","1315037337","Aotus lemurinus I.Geoffroy Saint-Hilaire, 1843",4.41376,-75.6564,"gass84,cdpi,incomis,inmafu","79684ec1-01e8-46cc-83cb-cd5bdfb469fe","eac88d99-9f6c-4031-8fc4-8088f0e0dfe7","68845aab-a453-4816-b36d-a3ec8455deb0","CO","DWC_ARCHIVE","2021-03-27T02:05:01.805+00:00","2021-03-30T11:05:31.099+00:00",115,"c4f66525-4d36-4c18-82ac-98e088f54db4","PRESERVED_SPECIMEN","PRESENT",5219591,1,44,359,798,3239574,2436667,5219591,5219591,"Aotus lemurinus I.Geoffroy Saint-Hilaire, 1843","Animalia","Chordata","Primates","Aotidae","Aotus","Aotus lemurinus","Aotus","lemurinus","SPECIES","ACCEPTED","VU",NA,NA,"Quindío",NA,NA,NA,NA,NA,"2021-03-30T11:05:31.099+00:00",NA,"http://creativecommons.org/licenses/by-nc/4.0/legalcode","none","none","none",FALSE,"WGS84","Mammalia","COL","none","none","Colombia",NA,"4378695",NA,NA,NA,NA,NA,"Mamiferos","1315037337","4378695",NA,NA,"14023",NA,"ICN",NA,NA,NA,NA,"Aotus lemurinus I.Geoffroy Saint-Hilaire, 1843",NA,NA,NA,NA,NA,NA,NA,NA,NA,NA,NA,NA,"Quindio",NA,NA,NA,NA,NA,NA,NA,NA,NA,NA,NA,NA,NA,NA,NA,NA,NA,NA,NA,NA,NA,NA,NA,NA,NA,NA,NA,NA,NA,NA,NA,NA,NA,NA,NA,NA,NA,NA,NA,NA,NA,NA,NA,NA,NA,NA,NA,"11810861-95e7-4935-97f0-210bda889bb1",NA,NA,NA,NA,NA,NA,NA,NA,NA,NA,NA,NA,NA,NA,NA,NA,NA,NA,NA,NA,NA,NA
