"record_id","modified","institutionCode","collectionCode","catalogNumber","basisOfRecord","kingdom","phylum","class","order","family","genus","specificEpithet","scientificName","identifiedBy","recordedBy","recordNumber","year","month","day","continentOcean","country","stateProvince","locality","decimalLongitude","decimalLatitude","minimumElevationInMeters","maximumElevationInMeters","sex","occurrenceRemarks","preparationType","individualCount","county","verbatimLongitude","verbatimLatitude","coordinatePrecision","geoFlag","previousCatalogNumber"
"1","2021-02-14 01:10:00-03","MVZ","MVZ-MAMMAL","MVZ:Mamm:166819","PreservedSpecimen","Animalia","Chordata","Mammalia","Primates","Cebidae","Aotus","nigriceps","Aotus nigriceps","Museum of Vertebrate Zoology, University of California, Berkeley","Collector(s): James L. Patton","10976","1984","05","05","South America","Peru","Madre de Dios","Hacienda Erika, Rio Alto Madre de Dios opposite Salvacion","-71.387626","-12.849127","350","350","male","<a href='http://arctos.database.museum/guid/MVZ:Mamm:166819' target='other'> <mi>dwc_moreinfo</mi></a>",NA,NA,NA,NA,NA,NA,NA,NA
"2","2021-07-18 22:00:02-03","USNM","US-ANIMALIA","196983","PreservedSpecimen","Animalia","Chordata","Mammalia","Primates","Aotidae","Aotus","nigriceps","Aotus nigriceps",NA,"L. Egg","39","1908","12",NA,"South America","Peru",NA,"Pozuzo",NA,NA,"800.0",NA,NA,NA,"Skin; Skull","1",NA,NA,NA,NA,NA,NA
"3","2021-07-18 22:00:02-03","USNM","US-ANIMALIA","364486","PreservedSpecimen","Animalia","Chordata","Mammalia","Primates","Aotidae","Aotus","nigriceps","Aotus nigriceps",NA,"C. Perez","15","1964","8","7","South America","Peru","Pasco","San Juan",NA,NA,"274.0",NA,NA,NA,"Skin; Skull","1","Oxapampa Province",NA,NA,NA,NA,NA
"4","2021-07-18 22:00:02-03","USNM","US-ANIMALIA","364487","PreservedSpecimen","Animalia","Chordata","Mammalia","Primates","Aotidae","Aotus","nigriceps","Aotus nigriceps",NA,"C. Perez","36","1964","8","13","South America","Peru","Pasco","San Juan",NA,NA,"274.0",NA,NA,NA,"Skin; Skull","1","Oxapampa Province",NA,NA,NA,NA,NA
"5","2021-07-18 22:00:02-03","USNM","US-ANIMALIA","364488","PreservedSpecimen","Animalia","Chordata","Mammalia","Primates","Aotidae","Aotus","nigriceps","Aotus nigriceps",NA,"C. Perez","37","1964","8","13","South America","Peru","Pasco","San Juan",NA,NA,"274.0",NA,NA,NA,"Skin; Skull","1","Oxapampa Province",NA,NA,NA,NA,NA
"6","2021-07-18 22:00:02-03","USNM","US-ANIMALIA","364489","PreservedSpecimen","Animalia","Chordata","Mammalia","Primates","Aotidae","Aotus","nigriceps","Aotus nigriceps",NA,"C. Perez","38","1964","8","13","South America","Peru","Pasco","San Juan",NA,NA,"274.0",NA,NA,NA,"Skin; Skull","1","Oxapampa Province",NA,NA,NA,NA,NA
"7","2021-07-18 22:00:02-03","USNM","US-ANIMALIA","364490","PreservedSpecimen","Animalia","Chordata","Mammalia","Primates","Aotidae","Aotus","nigriceps","Aotus nigriceps",NA,"C. Perez","44","1964","8","18","South America","Peru","Pasco","San Juan",NA,NA,"274.0",NA,NA,NA,"Skin; Skull","1","Oxapampa Province",NA,NA,NA,NA,NA
"8","2021-07-18 22:00:02-03","USNM","US-ANIMALIA","364491","PreservedSpecimen","Animalia","Chordata","Mammalia","Primates","Aotidae","Aotus","nigriceps","Aotus nigriceps",NA,"C. Perez","69","1964",NA,NA,"South America","Peru","Pasco","San Juan",NA,NA,"274.0",NA,NA,NA,"Skin; Skull","1","Oxapampa Province",NA,NA,NA,NA,NA
"9","2021-07-18 22:00:02-03","USNM","US-ANIMALIA","364492","PreservedSpecimen","Animalia","Chordata","Mammalia","Primates","Aotidae","Aotus","nigriceps","Aotus nigriceps",NA,"C. Perez","70","1964",NA,NA,"South America","Peru","Pasco","San Juan",NA,NA,"274.0",NA,NA,NA,"Skin; Skull","1","Oxapampa Province",NA,NA,NA,NA,NA
"10","2021-07-18 22:00:02-03","USNM","US-ANIMALIA","364493","PreservedSpecimen","Animalia","Chordata","Mammalia","Primates","Aotidae","Aotus","nigriceps","Aotus nigriceps",NA,"C. Perez","No Number","1964",NA,NA,"South America","Peru","Pasco","San Juan",NA,NA,"274.0",NA,NA,NA,"Skin; Skull","1","Oxapampa Province",NA,NA,NA,NA,NA
"11","2021-07-18 22:00:02-03","USNM","US-ANIMALIA","364494","PreservedSpecimen","Animalia","Chordata","Mammalia","Primates","Aotidae","Aotus","nigriceps","Aotus nigriceps",NA,"M. Tuttle","2370","1964","8","5","South America","Peru","Pasco","San Juan",NA,NA,"274.0",NA,NA,NA,"Skin; Skull","1","Oxapampa Province",NA,NA,NA,NA,NA
"12","2021-07-18 22:00:02-03","USNM","US-ANIMALIA","545850","PreservedSpecimen","Animalia","Chordata","Mammalia","Primates","Aotidae","Aotus","nigriceps","Aotus nigriceps",NA,"Collector Unknown","HB-339","1975","11","27","South America","Brazil","Mato Grosso","Aripuana","-60.63","-9.17",NA,NA,NA,NA,"Skin; Skull","1",NA,"060 38 -- W","09 10 -- S",NA,NA,NA
"13","2010-03-08 13:52:53-03","SEMA-Acre","ZEE_MAM","854","S","Animalia",NA,"Mammalia","Primates","Cebidae","Aotus","nigriceps","Aotus nigriceps",NA,NA,NA,NA,NA,NA,NA,"Brasil","Acre","Estrada Aquiles Peret- km 14",NA,NA,NA,NA,NA,"Monografia: Distribuição de primatas não-humanos no Estado do Acre e vizinhanças: um estudo preliminar - Fernandes M.C.A.G. 1990",NA,NA,NA,"0.0","0.0",NA,NA,NA
"14","2010-03-08 13:52:53-03","SEMA-Acre","ZEE_MAM","1152","S","Animalia",NA,"Mammalia","Primates","Cebidae","Aotus","nigriceps","Aotus nigriceps",NA,NA,NA,NA,NA,NA,NA,"Brasil","Acre","Rio Iaco; Rio Iaco","-68.725","-9.25",NA,NA,NA,"Dissertação: A caça de subsistência de extrativistas na Amazônia: sustentabilidade- biodiversidade e extinção de espécies - Martins E. 1993",NA,NA,"Sena Madureira","-68.725","-9.25",NA,NA,NA
"15","2010-03-08 13:52:53-03","SEMA-Acre","ZEE_MAM","8129","S","Animalia",NA,"Mammalia","Primates","Cebidae","Aotus","nigriceps","Aotus nigriceps",NA,NA,NA,NA,NA,NA,NA,"Brasil","Acre","Parque Nacional da Serra do Divisor; Rio Juruá Mirim","-73.6","-7.45",NA,NA,NA,"Artigo: Observations of Callimico goeldii with Saguinus imperator in the Serra do Divisor National Park, Acre, Barzil - Lopes M.A.O.A. - Rehg J.A. 2003",NA,NA,NA,"-73.6","-7.45",NA,NA,NA
"16","2010-03-08 13:52:53-03","SEMA-Acre","ZEE_MAM","855","S","Animalia",NA,"Mammalia","Primates","Cebidae","Aotus","nigriceps","Aotus nigriceps",NA,NA,NA,NA,NA,NA,NA,"Brasil","Acre","Estrada antiga para Porto Acre- km 12",NA,NA,NA,NA,NA,"Monografia: Distribuição de primatas não-humanos no Estado do Acre e vizinhanças: um estudo preliminar - Fernandes M.C.A.G. 1990",NA,NA,NA,"0.0","0.0",NA,NA,NA
"17","2010-03-08 13:52:53-03","SEMA-Acre","ZEE_MAM","865","S","Animalia",NA,"Mammalia","Primates","Cebidae","Aotus","nigriceps","Aotus nigriceps",NA,NA,NA,NA,NA,NA,NA,"Brasil","Acre","Seringal Boca da Pedra; Cabeceira do Rio Tarauacá- margem esquerda",NA,NA,NA,NA,NA,"Monografia: Distribuição de primatas não-humanos no Estado do Acre e vizinhanças: um estudo preliminar - Fernandes M.C.A.G. 1990",NA,NA,NA,"0.0","0.0",NA,NA,NA
"18","2010-03-08 13:52:53-03","SEMA-Acre","ZEE_MAM","3354","S","Animalia",NA,"Mammalia","Primates","Cebidae","Aotus","nigriceps","Aotus nigriceps",NA,NA,NA,NA,NA,NA,NA,"Brasil","Acre","Rio Branco; Rioa Acre","-67.8","-9.96666666666667",NA,NA,NA,"Monografia: Levantamento de Animais Silvestres em Cativeiro na Cidade de Rio Branco - Acre. - Silva M.F.A 1985",NA,NA,"Rio Branco","-67.8","-9.96666666666667",NA,NA,NA
"19","2010-03-08 13:52:53-03","SEMA-Acre","ZEE_MAM","29","S","Animalia",NA,"Mammalia","Primates","Cebidae","Aotus","nigriceps","Aotus nigriceps",NA,NA,NA,NA,NA,NA,NA,"Brasil","Acre","Margem direita do Rio Juruá - Ponto 1; Rio Juruá","-72.735","-9.42",NA,NA,NA,"Artigo: Notes on the primates of the Juruá River- western Brasilian Amazonia - Peres C.A. 1993",NA,NA,NA,"-72.735","-9.42",NA,NA,NA
"20","2010-03-08 13:52:53-03","SEMA-Acre","ZEE_MAM","858","S","Animalia",NA,"Mammalia","Primates","Cebidae","Aotus","nigriceps","Aotus nigriceps",NA,NA,NA,NA,NA,NA,NA,"Brasil","Acre","Terra Indígena Mamoadate; Alto Rio Iaco",NA,NA,NA,NA,NA,"Monografia: Distribuição de primatas não-humanos no Estado do Acre e vizinhanças: um estudo preliminar - Fernandes M.C.A.G. 1990",NA,NA,NA,"0.0","0.0",NA,NA,NA
"21","2010-03-08 13:52:53-03","SEMA-Acre","ZEE_MAM","846","S","Animalia",NA,"Mammalia","Primates","Cebidae","Aotus","nigriceps","Aotus nigriceps",NA,NA,NA,NA,NA,NA,NA,"Brasil","Acre","Propriedade rural- AC-10- Ramal do Mutum (4 km)",NA,NA,NA,NA,NA,"Monografia: Distribuição de primatas não-humanos no Estado do Acre e vizinhanças: um estudo preliminar - Fernandes M.C.A.G. 1990",NA,NA,NA,"0.0","0.0",NA,NA,NA
"22","2010-03-08 13:52:53-03","SEMA-Acre","ZEE_MAM","845","S","Animalia",NA,"Mammalia","Primates","Cebidae","Aotus","nigriceps","Aotus nigriceps",NA,NA,NA,NA,NA,NA,NA,"Brasil","Acre","Propriedade rural- AC-10- km 42- ramal do Bujari",NA,NA,NA,NA,NA,"Monografia: Distribuição de primatas não-humanos no Estado do Acre e vizinhanças: um estudo preliminar - Fernandes M.C.A.G. 1990",NA,NA,NA,"0.0","0.0",NA,NA,NA
"23","2010-03-08 13:52:53-03","SEMA-Acre","ZEE_MAM","839","S","Animalia",NA,"Mammalia","Primates","Cebidae","Aotus","nigriceps","Aotus nigriceps",NA,NA,NA,NA,NA,NA,NA,"Brasil","Acre","Propriedade rural- BR-364- km 52- ramal lado direito (9 km)",NA,NA,NA,NA,NA,"Monografia: Distribuição de primatas não-humanos no Estado do Acre e vizinhanças: um estudo preliminar - Fernandes M.C.A.G. 1990",NA,NA,"Rio Branco/Sena Madureira","0.0","0.0",NA,NA,NA
"24","2010-03-08 13:52:53-03","SEMA-Acre","ZEE_MAM","836","S","Animalia",NA,"Mammalia","Primates","Cebidae","Aotus","nigriceps","Aotus nigriceps",NA,NA,NA,NA,NA,NA,NA,"Brasil","Acre","Propriedade rural- BR-364- km 61- ramal lado direito",NA,NA,NA,NA,NA,"Monografia: Distribuição de primatas não-humanos no Estado do Acre e vizinhanças: um estudo preliminar - Fernandes M.C.A.G. 1990",NA,NA,NA,"0.0","0.0",NA,NA,NA
"25","2010-03-08 13:52:53-03","SEMA-Acre","ZEE_MAM","859","S","Animalia",NA,"Mammalia","Primates","Cebidae","Aotus","nigriceps","Aotus nigriceps",NA,NA,NA,NA,NA,NA,NA,"Brasil","Acre","Terra Indígena São Lourenço; Cabeceira do rio Acre",NA,NA,NA,NA,NA,"Monografia: Distribuição de primatas não-humanos no Estado do Acre e vizinhanças: um estudo preliminar - Fernandes M.C.A.G. 1990",NA,NA,NA,"0.0","0.0",NA,NA,NA
"26","2010-03-08 13:52:53-03","SEMA-Acre","ZEE_MAM","6988","S","Animalia",NA,"Mammalia","Primates","Cebidae","Aotus","nigriceps","Aotus nigriceps",NA,NA,NA,NA,NA,NA,NA,"Brasil","Acre","Trilha Pincel","-68.8611111111111","-10.4258333333333",NA,NA,NA,"Não publicado: A caça de Subsistência na Reserva Extrativista Chico Mendes/AC: caracterização- consumo e estratégias de caça. - Medeiros M.F.S.T. 1999",NA,NA,NA,"-68.8611111111111","-10.4258333333333",NA,NA,NA
"27","2010-03-08 13:52:53-03","SEMA-Acre","ZEE_MAM","7075","S","Animalia",NA,"Mammalia","Primates","Cebidae","Aotus","nigriceps","Aotus nigriceps",NA,NA,NA,NA,NA,NA,NA,"Brasil","Acre","Trilha Itapissuma","-68.8602777777778","-10.4569444444444",NA,NA,NA,"Não publicado: A caça de Subsistência na Reserva Extrativista Chico Mendes/AC: caracterização- consumo e estratégias de caça. - Medeiros M.F.S.T. 1999",NA,NA,NA,"-68.8602777777778","-10.4569444444444",NA,NA,NA
"28","2010-03-08 13:52:53-03","SEMA-Acre","ZEE_MAM","830","S","Animalia",NA,"Mammalia","Primates","Cebidae","Aotus","nigriceps","Aotus nigriceps",NA,NA,NA,NA,NA,NA,NA,"Brasil","Acre","Rio Jurupari; Rio Jurupari- margem direita",NA,NA,NA,NA,NA,"Monografia: Distribuição de primatas não-humanos no Estado do Acre e vizinhanças: um estudo preliminar - Fernandes M.C.A.G. 1990",NA,NA,NA,"0.0","0.0",NA,NA,NA
"29","2010-03-08 13:52:53-03","SEMA-Acre","ZEE_MAM","861","S","Animalia",NA,"Mammalia","Primates","Cebidae","Aotus","nigriceps","Aotus nigriceps",NA,NA,NA,NA,NA,NA,NA,"Brasil","Acre","Terra indígena Caucho; Cabeceira do Rio Muru",NA,NA,NA,NA,NA,"Monografia: Distribuição de primatas não-humanos no Estado do Acre e vizinhanças: um estudo preliminar - Fernandes M.C.A.G. 1990",NA,NA,NA,"0.0","0.0",NA,NA,NA
"30","2010-03-08 13:52:53-03","SEMA-Acre","ZEE_MAM","380","S","Animalia",NA,"Mammalia","Primates","Cebidae","Aotus","nigriceps","Aotus nigriceps",NA,NA,NA,NA,NA,NA,NA,"Brasil","Acre",NA,NA,NA,NA,NA,NA,"Livro: The pictorial guide to the living primates - Rowe N.- Goodall J. - Mittermeier R.A. 1996",NA,NA,NA,"0.0","0.0",NA,NA,NA
"31","2010-03-08 13:52:53-03","SEMA-Acre","ZEE_MAM","30","S","Animalia",NA,"Mammalia","Primates","Cebidae","Aotus","nigriceps","Aotus nigriceps",NA,NA,NA,NA,NA,NA,NA,"Brasil","Acre","Margem esquerda do Rio Juruá - Ponto 2; Rio Juruá","-72.725","-9.41333333333333",NA,NA,NA,"Artigo: Notes on the primates of the Juruá River- western Brasilian Amazonia - Peres C.A. 1993",NA,NA,NA,"-72.725","-9.41333333333333",NA,NA,NA
"32","2010-03-08 13:52:53-03","SEMA-Acre","ZEE_MAM","848","S","Animalia",NA,"Mammalia","Primates","Cebidae","Aotus","nigriceps","Aotus nigriceps",NA,NA,NA,NA,NA,NA,NA,"Brasil","Acre","Propriedade rural- AC-90- km 72; Riozinho do Andirá",NA,NA,NA,NA,NA,"Monografia: Distribuição de primatas não-humanos no Estado do Acre e vizinhanças: um estudo preliminar - Fernandes M.C.A.G. 1990",NA,NA,NA,"0.0","0.0",NA,NA,NA
"33","2010-03-08 13:52:53-03","SEMA-Acre","ZEE_MAM","17","S","Animalia",NA,"Mammalia","Primates","Cebidae","Aotus","nigriceps","Aotus nigriceps",NA,NA,NA,NA,NA,NA,NA,"Brasil","Acre","Universidade Federal do Acre/Parque Zoobotânico; Rio Acre","-67.8688888888889","-9.94166666666667",NA,NA,NA,"Relatório: Percepção- cognição e aprendizagem associados ao forrageamento por primatas neotropicais noturnos e diurnos - Bicca-Marques J.C. 1997",NA,NA,"Rio Branco","-67.8688888888889","-9.94166666666667",NA,NA,NA
"34","2010-03-08 13:52:53-03","SEMA-Acre","ZEE_MAM","856","S","Animalia",NA,"Mammalia","Primates","Cebidae","Aotus","nigriceps","Aotus nigriceps",NA,NA,NA,NA,NA,NA,NA,"Brasil","Acre","Terra Indígena Kaxinawá; Alto Purus","-71.9","-9.31666666666667",NA,NA,NA,"Monografia: Distribuição de primatas não-humanos no Estado do Acre e vizinhanças: um estudo preliminar - Fernandes M.C.A.G. 1990",NA,NA,NA,"-71.9","-9.31666666666667",NA,NA,NA
"35","2010-03-08 13:52:53-03","SEMA-Acre","ZEE_MAM","4408","S","Animalia",NA,"Mammalia","Primates","Cebidae","Aotus","nigriceps","Aotus nigriceps",NA,NA,NA,NA,NA,NA,NA,"Brasil","Acre","América do Sul- Acre",NA,NA,NA,NA,NA,"Livro: Primatas do Brasil - Auricchio P. 1995",NA,NA,NA,"0.0","0.0",NA,NA,NA
"36","2010-03-08 13:52:53-03","SEMA-Acre","ZEE_MAM","862","S","Animalia",NA,"Mammalia","Primates","Cebidae","Aotus","nigriceps","Aotus nigriceps",NA,NA,NA,NA,NA,NA,NA,"Brasil","Acre","Terra Indígena Mantinere; Rio Iaco",NA,NA,NA,NA,NA,"Monografia: Distribuição de primatas não-humanos no Estado do Acre e vizinhanças: um estudo preliminar - Fernandes M.C.A.G. 1990",NA,NA,NA,"0.0","0.0",NA,NA,NA
"37","2010-03-08 13:52:53-03","SEMA-Acre","ZEE_MAM","1138","S","Animalia",NA,"Mammalia","Primates","Cebidae","Aotus","nigriceps","Aotus nigriceps",NA,NA,NA,NA,NA,NA,NA,"Brasil","Acre","Terra Indígena Kampa do Rio Envira; Rio Envira","-71.6638888888889","-9.52305555555555",NA,NA,NA,"Relatório: Análise ambiental complementar sobre a terra indígena Kampa e isolados do Rio Envira - Ferreira L.A. 1996",NA,NA,"Feijó","-71.6638888888889","-9.52305555555555",NA,NA,NA
"38","2010-03-08 13:52:53-03","SEMA-Acre","ZEE_MAM","828","S","Animalia",NA,"Mammalia","Primates","Cebidae","Aotus","nigriceps","Aotus nigriceps",NA,NA,NA,NA,NA,NA,NA,"Brasil","Acre","Rio Envira; Rio Envira- margem esquerda",NA,NA,NA,NA,NA,"Monografia: Distribuição de primatas não-humanos no Estado do Acre e vizinhanças: um estudo preliminar - Fernandes M.C.A.G. 1990",NA,NA,NA,"0.0","0.0",NA,NA,NA
"39","2010-03-08 13:52:53-03","SEMA-Acre","ZEE_MAM","825","S","Animalia",NA,"Mammalia","Primates","Cebidae","Aotus","nigriceps","Aotus nigriceps",NA,NA,NA,NA,NA,NA,NA,"Brasil","Acre","BR-317- km 80",NA,NA,NA,NA,NA,"Monografia: Distribuição de primatas não-humanos no Estado do Acre e vizinhanças: um estudo preliminar - Fernandes M.C.A.G. 1990",NA,NA,"Rio Branco/Xapuri","0.0","0.0",NA,NA,NA
"40","2010-03-08 13:52:53-03","SEMA-Acre","ZEE_MAM","4397","S","Animalia",NA,"Mammalia","Primates","Cebidae","Aotus","nigriceps","Aotus nigriceps",NA,NA,NA,NA,NA,NA,NA,"Brasil","Acre","América do Sul- Acre",NA,NA,NA,NA,NA,"Livro: Neotropical rainforest mammals. A field guide, second edition - Emmons L.H. - Feer F. 1997",NA,NA,NA,"0.0","0.0",NA,NA,NA
"41","2010-03-08 13:52:53-03","SEMA-Acre","ZEE_MAM","8215","S","Animalia",NA,"Mammalia","Primates","Cebidae","Aotus","nigriceps","Aotus nigriceps",NA,NA,NA,NA,NA,NA,NA,"Brasil","Acre",NA,"-72.8166666666667","-8.36666666666667",NA,NA,NA,"Artigo: Primate community structure at twenty western Amazonian flooded and unflooded forests - Peres C.A. 1997",NA,NA,NA,"-72.8166666666667","-8.36666666666667",NA,NA,NA
"42","2010-03-08 13:52:53-03","SEMA-Acre","ZEE_MAM","844","S","Animalia",NA,"Mammalia","Primates","Cebidae","Aotus","nigriceps","Aotus nigriceps",NA,NA,NA,NA,NA,NA,NA,"Brasil","Acre","Propriedade rural- AC-10- km 35- ramal lado esquerdo (6 km)",NA,NA,NA,NA,NA,"Monografia: Distribuição de primatas não-humanos no Estado do Acre e vizinhanças: um estudo preliminar - Fernandes M.C.A.G. 1990",NA,NA,NA,"0.0","0.0",NA,NA,NA
"43","2010-03-08 13:52:53-03","SEMA-Acre","ZEE_MAM","416","S","Animalia",NA,"Mammalia","Primates","Cebidae","Aotus","nigriceps","Aotus nigriceps",NA,NA,NA,NA,NA,NA,NA,"Brasil","Acre","ESEC do Rio Acre; Rio Acre","-70.25","-11.0333333333333",NA,NA,NA,"Livro: The status of conservation areas in the Brasilian Amazon - Rylands A.B. 1991",NA,NA,"Assis Brasil","-70.25","-11.0333333333333",NA,NA,NA
"44","2010-03-08 13:52:53-03","SEMA-Acre","ZEE_MAM","837","S","Animalia",NA,"Mammalia","Primates","Cebidae","Aotus","nigriceps","Aotus nigriceps",NA,NA,NA,NA,NA,NA,NA,"Brasil","Acre","Propriedade rural- BR-364- km 77- Fazenda Aquarius- lado direito",NA,NA,NA,NA,NA,"Monografia: Distribuição de primatas não-humanos no Estado do Acre e vizinhanças: um estudo preliminar - Fernandes M.C.A.G. 1990",NA,NA,NA,"0.0","0.0",NA,NA,NA
"45","2010-03-08 13:52:53-03","SEMA-Acre","ZEE_MAM","838","S","Animalia",NA,"Mammalia","Primates","Cebidae","Aotus","nigriceps","Aotus nigriceps",NA,NA,NA,NA,NA,NA,NA,"Brasil","Acre","Propriedade rural- BR-364- km 83- ramal Oco do Mundo (12 km)",NA,NA,NA,NA,NA,"Monografia: Distribuição de primatas não-humanos no Estado do Acre e vizinhanças: um estudo preliminar - Fernandes M.C.A.G. 1990",NA,NA,NA,"0.0","0.0",NA,NA,NA
"46","2010-03-08 13:52:53-03","SEMA-Acre","ZEE_MAM","860","S","Animalia",NA,"Mammalia","Primates","Cebidae","Aotus","nigriceps","Aotus nigriceps",NA,NA,NA,NA,NA,NA,NA,"Brasil","Acre","Terra Indígena; Alto Juruá- Rio Breu",NA,NA,NA,NA,NA,"Monografia: Distribuição de primatas não-humanos no Estado do Acre e vizinhanças: um estudo preliminar - Fernandes M.C.A.G. 1990",NA,NA,NA,"0.0","0.0",NA,NA,NA
"47","2010-03-08 13:52:53-03","SEMA-Acre","ZEE_MAM","827","S","Animalia",NA,"Mammalia","Primates","Cebidae","Aotus","nigriceps","Aotus nigriceps",NA,NA,NA,NA,NA,NA,NA,"Brasil","Acre","Plácido de Castro","-67.1444444444444","-10.2861111111111",NA,NA,NA,"Monografia: Distribuição de primatas não-humanos no Estado do Acre e vizinhanças: um estudo preliminar - Fernandes M.C.A.G. 1990",NA,NA,"Plácido de Castro","-67.1444444444444","-10.2861111111111",NA,NA,NA
"48","2010-03-08 13:52:53-03","SEMA-Acre","ZEE_MAM","835","S","Animalia",NA,"Mammalia","Primates","Cebidae","Aotus","nigriceps","Aotus nigriceps",NA,NA,NA,NA,NA,NA,NA,"Brasil","Acre","Propriedade rural- BR-364- km 60- lado esquerdo",NA,NA,NA,NA,NA,"Monografia: Distribuição de primatas não-humanos no Estado do Acre e vizinhanças: um estudo preliminar - Fernandes M.C.A.G. 1990",NA,NA,NA,"0.0","0.0",NA,NA,NA
"49","2010-03-08 13:52:53-03","SEMA-Acre","ZEE_MAM","14","S","Animalia",NA,"Mammalia","Primates","Cebidae","Aotus","nigriceps","Aotus nigriceps",NA,NA,NA,NA,NA,NA,NA,"Brasil","Acre","Universidade Federal do Acre/Parque Zoobotânico; Rio Acre","-67.8688888888889","-9.94166666666667",NA,NA,NA,"Artigo: Ecology and social relations of the black-chinned emperor tamarin - Calegaro-Marques C. - Bicca-Marques J.C. 1994",NA,NA,"Rio Branco","-67.8688888888889","-9.94166666666667",NA,NA,NA
"50","2010-03-08 13:52:53-03","SEMA-Acre","ZEE_MAM","622","S","Animalia",NA,"Mammalia","Primates","Cebidae","Aotus","nigriceps","Aotus nigriceps",NA,NA,NA,NA,NA,NA,NA,"Brasil","Acre","Floresta Estadual do Antimary; Rio Antimari","-68.25","-9.33333333333333",NA,NA,NA,"Dissertação: Caça de subsistência: sustentabilidade e padrões de uso entre seringueiros ribeirinhos e não-ribeiinhos do estado do Acre - Calouro A.M. 1995",NA,NA,"Bujari","-68.25","-9.33333333333333",NA,NA,NA
"51","2010-03-08 13:52:53-03","SEMA-Acre","ZEE_MAM","842","S","Animalia",NA,"Mammalia","Primates","Cebidae","Aotus","nigriceps","Aotus nigriceps",NA,NA,NA,NA,NA,NA,NA,"Brasil","Acre","Propriedade rural- BR-317- km 80- ramal lado direito (6 km)",NA,NA,NA,NA,NA,"Monografia: Distribuição de primatas não-humanos no Estado do Acre e vizinhanças: um estudo preliminar - Fernandes M.C.A.G. 1990",NA,NA,NA,"0.0","0.0",NA,NA,NA
"52","2010-03-08 13:52:53-03","SEMA-Acre","ZEE_MAM","8414","S","Animalia",NA,"Mammalia","Primates","Cebidae","Aotus","nigriceps","Aotus nigriceps",NA,NA,NA,NA,NA,NA,NA,"Brasil","Acre","Universidade Federal do Acre/Parque Zoobotânico; Rioa Acre","-67.8688888888889","-9.94166666666667",NA,NA,NA,"Artigo: Do female tamarins use visual cues to detect fruit rewards more successfully than do males? - Dominy N.J.- Garber P.A.- Bicca-Marques J.C. - Lopes M.A.O. 2003",NA,NA,"Rio Branco","-67.8688888888889","-9.94166666666667",NA,NA,NA
"53","2010-03-08 13:52:53-03","SEMA-Acre","ZEE_MAM","829","S","Animalia",NA,"Mammalia","Primates","Cebidae","Aotus","nigriceps","Aotus nigriceps",NA,NA,NA,NA,NA,NA,NA,"Brasil","Acre","Rio Envira; Rio Envira- margm direita",NA,NA,NA,NA,NA,"Monografia: Distribuição de primatas não-humanos no Estado do Acre e vizinhanças: um estudo preliminar - Fernandes M.C.A.G. 1990",NA,NA,NA,"0.0","0.0",NA,NA,NA
"54","2010-03-08 13:52:53-03","SEMA-Acre","ZEE_MAM","8205","S","Animalia",NA,"Mammalia","Primates","Cebidae","Aotus","nigriceps","Aotus nigriceps",NA,NA,NA,NA,NA,NA,NA,"Brasil","Acre",NA,"-72.7833333333333","-8.66666666666667",NA,NA,NA,"Artigo: Primate community structure at twenty western Amazonian flooded and unflooded forests - Peres C.A. 1997",NA,NA,NA,"-72.7833333333333","-8.66666666666667",NA,NA,NA
"55","2010-03-08 13:52:53-03","SEMA-Acre","ZEE_MAM","864","S","Animalia",NA,"Mammalia","Primates","Cebidae","Aotus","nigriceps","Aotus nigriceps",NA,NA,NA,NA,NA,NA,NA,"Brasil","Acre","Seringal Ocidente; Cabeceira do Rio Muru- margem esquerda",NA,NA,NA,NA,NA,"Monografia: Distribuição de primatas não-humanos no Estado do Acre e vizinhanças: um estudo preliminar - Fernandes M.C.A.G. 1990",NA,NA,NA,"0.0","0.0",NA,NA,NA
"56","2010-03-08 13:52:53-03","SEMA-Acre","ZEE_MAM","847","S","Animalia",NA,"Mammalia","Primates","Cebidae","Aotus","nigriceps","Aotus nigriceps",NA,NA,NA,NA,NA,NA,NA,"Brasil","Acre","Propriedade rural- AC-90- km 55; Riozinho do Andirá",NA,NA,NA,NA,NA,"Monografia: Distribuição de primatas não-humanos no Estado do Acre e vizinhanças: um estudo preliminar - Fernandes M.C.A.G. 1990",NA,NA,NA,"0.0","0.0",NA,NA,NA
"57","2010-03-08 13:52:53-03","SEMA-Acre","ZEE_MAM","849","S","Animalia",NA,"Mammalia","Primates","Cebidae","Aotus","nigriceps","Aotus nigriceps",NA,NA,NA,NA,NA,NA,NA,"Brasil","Acre","Propriedade rural- AC-90- km 73- lado direito",NA,NA,NA,NA,NA,"Monografia: Distribuição de primatas não-humanos no Estado do Acre e vizinhanças: um estudo preliminar - Fernandes M.C.A.G. 1990",NA,NA,NA,"0.0","0.0",NA,NA,NA
"58","2010-03-08 13:52:53-03","SEMA-Acre","ZEE_MAM","212","S","Animalia",NA,"Mammalia","Primates","Cebidae","Aotus","nigriceps","Aotus nigriceps",NA,NA,NA,NA,NA,NA,NA,"Brasil","Acre","Rio Iaco; Rio Iaco","-68.725","-9.25",NA,NA,NA,"Relatório: Caracterização da fauna da bacia do Rio Branco/ Acre - Alho C.J.R. 1990",NA,NA,NA,"-68.725","-9.25",NA,NA,NA
"59","2010-03-08 13:52:53-03","SEMA-Acre","ZEE_MAM","834","S","Animalia",NA,"Mammalia","Primates","Cebidae","Aotus","nigriceps","Aotus nigriceps",NA,NA,NA,NA,NA,NA,NA,"Brasil","Acre","Propriedade rural- BR-364- km 49- ramal Novo Horizonte (4 km)",NA,NA,NA,NA,NA,"Monografia: Distribuição de primatas não-humanos no Estado do Acre e vizinhanças: um estudo preliminar - Fernandes M.C.A.G. 1990",NA,NA,NA,"0.0","0.0",NA,NA,NA
"60","2010-03-08 13:52:53-03","SEMA-Acre","ZEE_MAM","597","S","Animalia",NA,"Mammalia","Primates","Cebidae","Aotus","nigriceps","Aotus nigriceps",NA,NA,NA,NA,NA,NA,NA,"Brasil","Acre","Bairro Procon; Rioa Acre","-67.8","-9.96666666666667",NA,NA,NA,"Monografia: Levantamento preliminar de primatas cadastrados pelo IBAMA no município de Rio Branco - AC - Nóbrega M.F. 1997",NA,NA,"Rio Branco","-67.8","-9.96666666666667",NA,NA,NA
"61","2010-03-08 13:52:53-03","SEMA-Acre","ZEE_MAM","850","S","Animalia",NA,"Mammalia","Primates","Cebidae","Aotus","nigriceps","Aotus nigriceps",NA,NA,NA,NA,NA,NA,NA,"Brasil","Acre","Propriedade rural- AC-40- ramal Mendes Carlos I",NA,NA,NA,NA,NA,"Monografia: Distribuição de primatas não-humanos no Estado do Acre e vizinhanças: um estudo preliminar - Fernandes M.C.A.G. 1990",NA,NA,NA,"0.0","0.0",NA,NA,NA
"62","2010-03-08 13:52:53-03","SEMA-Acre","ZEE_MAM","8514","S","Animalia",NA,"Mammalia","Primates","Cebidae","Aotus","nigriceps","Aotus nigriceps",NA,NA,NA,NA,NA,NA,NA,"Brasil","Acre","Seringal São Salvador; Rio Moa","-73.2666666666667","-7.38333333333333",NA,NA,NA,"Livro: A fauna silvestre e as práticas de caça - Fragoso J.M.V- Santos M.C.- Nascimento V.M.L 2002",NA,NA,"Mâncio Lima","-73.2666666666667","-7.38333333333333",NA,NA,NA
"63","2010-03-08 13:52:53-03","SEMA-Acre","ZEE_MAM","841","S","Animalia",NA,"Mammalia","Primates","Cebidae","Aotus","nigriceps","Aotus nigriceps",NA,NA,NA,NA,NA,NA,NA,"Brasil","Acre","Propriedade rural- BR-317- km 67- ramal lado esquerdo (4 km); Rio Xipamanu",NA,NA,NA,NA,NA,"Monografia: Distribuição de primatas não-humanos no Estado do Acre e vizinhanças: um estudo preliminar - Fernandes M.C.A.G. 1990",NA,NA,NA,"0.0","0.0",NA,NA,NA
"64","2010-03-08 13:52:53-03","SEMA-Acre","ZEE_MAM","7017","S","Animalia",NA,"Mammalia","Primates","Cebidae","Aotus","nigriceps","Aotus nigriceps",NA,NA,NA,NA,NA,NA,NA,"Brasil","Acre","Trilha Venezuela","-68.8611111111111","-10.3969444444444",NA,NA,NA,"Não publicado: A caça de Subsistência na Reserva Extrativista Chico Mendes/AC: caracterização- consumo e estratégias de caça. - Medeiros M.F.S.T. 1999",NA,NA,NA,"-68.8611111111111","-10.3969444444444",NA,NA,NA
"65","2010-03-08 13:52:53-03","SEMA-Acre","ZEE_MAM","7046","S","Animalia",NA,"Mammalia","Primates","Cebidae","Aotus","nigriceps","Aotus nigriceps",NA,NA,NA,NA,NA,NA,NA,"Brasil","Acre","Trilha Bom Levar","-68.8563888888889","-10.5397222222222",NA,NA,NA,"Não publicado: A caça de Subsistência na Reserva Extrativista Chico Mendes/AC: caracterização- consumo e estratégias de caça. - Medeiros M.F.S.T. 1999",NA,NA,NA,"-68.8563888888889","-10.5397222222222",NA,NA,NA
"66","2010-03-08 13:52:53-03","SEMA-Acre","ZEE_MAM","863","S","Animalia",NA,"Mammalia","Primates","Cebidae","Aotus","nigriceps","Aotus nigriceps",NA,NA,NA,NA,NA,NA,NA,"Brasil","Acre","Seringal República; Rio Moa","-72.6699981689453","-7.63111019134521",NA,NA,NA,"Monografia: Distribuição de primatas não-humanos no Estado do Acre e vizinhanças: um estudo preliminar - Fernandes M.C.A.G. 1990",NA,NA,"Cruzeiro do Sul","0.0","0.0","123037","auto",NA
"67","2010-03-08 13:52:53-03","SEMA-Acre","ZEE_MAM","869","S","Animalia",NA,"Mammalia","Primates","Cebidae","Aotus","nigriceps","Aotus nigriceps",NA,NA,NA,NA,NA,NA,NA,"Brasil","Acre","Mâncio Lima","-72.8957977294922","-7.61417007446289",NA,NA,NA,"Monografia: Distribuição de primatas não-humanos no Estado do Acre e vizinhanças: um estudo preliminar - Fernandes M.C.A.G. 1990",NA,NA,"Mâncio Lima","0.0","0.0","120292","auto",NA
"68","2010-03-08 13:52:53-03","SEMA-Acre","ZEE_MAM","868","S","Animalia",NA,"Mammalia","Primates","Cebidae","Aotus","nigriceps","Aotus nigriceps",NA,NA,NA,NA,NA,NA,NA,"Brasil","Acre","Manoel Urbano","-69.2596969604492","-8.83889007568359",NA,NA,NA,"Monografia: Distribuição de primatas não-humanos no Estado do Acre e vizinhanças: um estudo preliminar - Fernandes M.C.A.G. 1990",NA,NA,"Manoel Urbano","0.0","0.0","223192","auto",NA
"69","2010-03-08 13:52:53-03","SEMA-Acre","ZEE_MAM","851","S","Animalia",NA,"Mammalia","Primates","Cebidae","Aotus","nigriceps","Aotus nigriceps",NA,NA,NA,NA,NA,NA,NA,"Brasil","Acre","Propriedade rural- AC-401- km 6- ramal lado esquerdo (1 km)","-67.1856002807617","-10.3353004455566",NA,NA,NA,"Monografia: Distribuição de primatas não-humanos no Estado do Acre e vizinhanças: um estudo preliminar - Fernandes M.C.A.G. 1990",NA,NA,"Plácido de Castro","0.0","0.0","56619","auto",NA
"70","2010-03-08 13:52:53-03","SEMA-Acre","ZEE_MAM","224","S","Animalia",NA,"Mammalia","Primates","Cebidae","Aotus","nigriceps","Aotus nigriceps",NA,NA,NA,NA,NA,NA,NA,"Brasil","Acre",NA,"-67.8099975585938","-9.9747200012207",NA,NA,NA,"Relatório: Caracterização da fauna da bacia do Rio Branco/ Acre - Alho C.J.R. 1990",NA,NA,"Rio Branco","0.0","0.0","178770","auto",NA
"71","2010-03-08 13:52:53-03","SEMA-Acre","ZEE_MAM","852","S","Animalia",NA,"Mammalia","Primates","Cebidae","Aotus","nigriceps","Aotus nigriceps",NA,NA,NA,NA,NA,NA,NA,"Brasil","Acre","Estrada Dias Martins- km 12- lado esquerdo; Rioa Acre","-67.8099975585938","-9.9747200012207",NA,NA,NA,"Monografia: Distribuição de primatas não-humanos no Estado do Acre e vizinhanças: um estudo preliminar - Fernandes M.C.A.G. 1990",NA,NA,"Rio Branco","0.0","0.0","178770","auto",NA
"72","2010-03-08 13:52:53-03","SEMA-Acre","ZEE_MAM","853","S","Animalia",NA,"Mammalia","Primates","Cebidae","Aotus","nigriceps","Aotus nigriceps",NA,NA,NA,NA,NA,NA,NA,"Brasil","Acre","Estrada Dias Martins- km 13- ramal lado direito (2 km); Rio Acre","-67.8099975585938","-9.9747200012207",NA,NA,NA,"Monografia: Distribuição de primatas não-humanos no Estado do Acre e vizinhanças: um estudo preliminar - Fernandes M.C.A.G. 1990",NA,NA,"Rio Branco","0.0","0.0","178770","auto",NA
"73","2010-03-08 13:52:53-03","SEMA-Acre","ZEE_MAM","826","S","Animalia",NA,"Mammalia","Primates","Cebidae","Aotus","nigriceps","Aotus nigriceps",NA,NA,NA,NA,NA,NA,NA,"Brasil","Acre","Estrada do Mutum; Rioa Acre","-67.8099975585938","-9.9747200012207",NA,NA,NA,"Monografia: Distribuição de primatas não-humanos no Estado do Acre e vizinhanças: um estudo preliminar - Fernandes M.C.A.G. 1990",NA,NA,"Rio Branco","0.0","0.0","178770","auto",NA
"74","2010-03-08 13:52:53-03","SEMA-Acre","ZEE_MAM","866","S","Animalia",NA,"Mammalia","Primates","Cebidae","Aotus","nigriceps","Aotus nigriceps",NA,NA,NA,NA,NA,NA,NA,"Brasil","Acre","Localidade Quixadá; Rioa Acre","-67.8099975585938","-9.9747200012207",NA,NA,NA,"Monografia: Distribuição de primatas não-humanos no Estado do Acre e vizinhanças: um estudo preliminar - Fernandes M.C.A.G. 1990",NA,NA,"Rio Branco","0.0","0.0","178770","auto",NA
"75","2010-03-08 13:52:53-03","SEMA-Acre","ZEE_MAM","8329","S","Animalia",NA,"Mammalia","Primates","Cebidae","Aotus","nigriceps","Aotus nigriceps",NA,NA,NA,NA,NA,NA,NA,"Brasil","Acre","Rio Branco (Estrada de Porto Acre); Rioa Acre","-67.8099975585938","-9.9747200012207",NA,NA,NA,"Artigo: Malária simiana no Estado do Acre, Brasil: Encontro de macacos zogue-zogue, Callicebus moloch cupreus, infetados com Plasmodium brasilianum - Ferreira Neto J.A.- Deane L.M. - Almeida F.B. 1972",NA,NA,"Rio Branco","0.0","0.0","178770","auto",NA
"76","2010-03-08 13:52:53-03","SEMA-Acre","ZEE_MAM","867","S","Animalia",NA,"Mammalia","Primates","Cebidae","Aotus","nigriceps","Aotus nigriceps",NA,NA,NA,NA,NA,NA,NA,"Brasil","Acre","Sena Madureira","-68.6568984985352","-9.06556034088135",NA,NA,NA,"Monografia: Distribuição de primatas não-humanos no Estado do Acre e vizinhanças: um estudo preliminar - Fernandes M.C.A.G. 1990",NA,NA,"Sena Madureira","0.0","0.0","278222","auto",NA
"77","2010-03-08 13:52:53-03","SEMA-Acre","ZEE_MAM","8335","S","Animalia",NA,"Mammalia","Primates","Cebidae","Aotus","nigriceps","Aotus nigriceps",NA,NA,NA,NA,NA,NA,NA,"Brasil","Acre","Seringal Ouro","-68.6568984985352","-9.06556034088135",NA,NA,NA,"Artigo: Malária simiana no Estado do Acre, Brasil: Encontro de macacos zogue-zogue, Callicebus moloch cupreus, infetados com Plasmodium brasilianum - Ferreira Neto J.A.- Deane L.M. - Almeida F.B. 1972",NA,NA,"Sena Madureira","0.0","0.0","278222","auto",NA
"78","2010-03-08 13:52:53-03","SEMA-Acre","ZEE_MAM","857","S","Animalia",NA,"Mammalia","Primates","Cebidae","Aotus","nigriceps","Aotus nigriceps",NA,NA,NA,NA,NA,NA,NA,"Brasil","Acre","Terra Indígena; Rio Gregório","-70.7656021118164","-8.16139030456543",NA,NA,NA,"Monografia: Distribuição de primatas não-humanos no Estado do Acre e vizinhanças: um estudo preliminar - Fernandes M.C.A.G. 1990",NA,NA,"Tarauacá","0.0","0.0","171116","auto",NA
"79","2010-03-08 13:52:53-03","SEMA-Acre","ZEE_MAM","8341","S","Animalia",NA,"Mammalia","Primates","Cebidae","Aotus","nigriceps","Aotus nigriceps",NA,NA,NA,NA,NA,NA,NA,"Brasil","Acre","Seringais Macuripe e Nova Vida","-68.5044021606445","-10.6517000198364",NA,NA,NA,"Artigo: Malária simiana no Estado do Acre, Brasil: Encontro de macacos zogue-zogue, Callicebus moloch cupreus, infetados com Plasmodium brasilianum - Ferreira Neto J.A.- Deane L.M. - Almeida F.B. 1972",NA,NA,"Xapuri","0.0","0.0","103965","auto",NA
"80","2010-03-08 13:52:53-03","SEMA-Acre","ZEE_MAM","3959","S","Animalia",NA,"Mammalia","Primates","Cebidae","Aotus","nigriceps","Aotus nigriceps",NA,NA,NA,NA,NA,NA,NA,"Brasil","Acre","Parque Nacional da Serra do Divisor","-73.7744444444444","-7.45888888888889",NA,NA,NA,"Artigo : Riqueza de mamíferos de grande e médio porte do Parque Nacional da Serra do Divisor (Acre, Brasil) - Calouro A.M. 1999",NA,NA,"Cruzeiro do Sul","-73.7744444444444","-7.45888888888889",NA,NA,NA
"81","2010-03-08 13:52:53-03","SEMA-Acre","ZEE_MAM","525","S","Animalia",NA,"Mammalia","Primates","Cebidae","Aotus","nigriceps","Aotus nigriceps",NA,NA,NA,NA,NA,NA,NA,"Brasil","Acre","Parque Nacional da Serra do Divisor","-73.7013888888889","-7.50611111111111",NA,NA,NA,"Artigo : Riqueza de mamíferos de grande e médio porte do Parque Nacional da Serra do Divisor (Acre, Brasil) - Calouro A.M. 1999",NA,NA,"Cruzeiro do Sul","-73.7013888888889","-7.50611111111111",NA,NA,NA
"82","2010-03-08 13:52:53-03","SEMA-Acre","ZEE_MAM","400","S","Animalia",NA,"Mammalia","Primates","Cebidae","Aotus","nigriceps","Aotus nigriceps",NA,NA,NA,NA,NA,NA,NA,"Brasil","Acre","Parque Nacional da Serra do Divisor","-73.7013888888889","-7.50611111111111",NA,NA,NA,"Livro: The status of conservation areas in the Brasilian Amazon - Rylands A.B. 1991",NA,NA,"Cruzeiro do Sul","-73.7013888888889","-7.50611111111111",NA,NA,NA
"83","2010-03-08 13:52:53-03","SEMA-Acre","ZEE_MAM","3960","S","Animalia",NA,"Mammalia","Primates","Cebidae","Aotus","nigriceps","Aotus nigriceps",NA,NA,NA,NA,NA,NA,NA,"Brasil","Acre","Parque Nacional da Serra do Divisor","-73.6611111111111","-7.43166666666667",NA,NA,NA,"Artigo : Riqueza de mamíferos de grande e médio porte do Parque Nacional da Serra do Divisor (Acre, Brasil) - Calouro A.M. 1999",NA,NA,"Cruzeiro do Sul","-73.6611111111111","-7.43166666666667",NA,NA,NA
"84","2010-03-08 13:52:53-03","SEMA-Acre","ZEE_MAM","3961","S","Animalia",NA,"Mammalia","Primates","Cebidae","Aotus","nigriceps","Aotus nigriceps",NA,NA,NA,NA,NA,NA,NA,"Brasil","Acre","Parque Nacional da Serra do Divisor","-73.2766666666667","-7.55666666666667",NA,NA,NA,"Artigo : Riqueza de mamíferos de grande e médio porte do Parque Nacional da Serra do Divisor (Acre, Brasil) - Calouro A.M. 1999",NA,NA,"Cruzeiro do Sul","-73.2766666666667","-7.55666666666667",NA,NA,NA
"85","2010-03-08 13:52:53-03","SEMA-Acre","ZEE_MAM","3962","S","Animalia",NA,"Mammalia","Primates","Cebidae","Aotus","nigriceps","Aotus nigriceps",NA,NA,NA,NA,NA,NA,NA,"Brasil","Acre","Parque Nacional da Serra do Divisor","-72.8833333333333","-8.55833333333333",NA,NA,NA,"Artigo : Riqueza de mamíferos de grande e médio porte do Parque Nacional da Serra do Divisor (Acre, Brasil) - Calouro A.M. 1999",NA,NA,"Cruzeiro do Sul","-72.8833333333333","-8.55833333333333",NA,NA,NA
"86","2010-03-08 13:52:53-03","SEMA-Acre","ZEE_MAM","3963","S","Animalia",NA,"Mammalia","Primates","Cebidae","Aotus","nigriceps","Aotus nigriceps",NA,NA,NA,NA,NA,NA,NA,"Brasil","Acre","Parque Nacional da Serra do Divisor","-72.8577777777778","-8.40527777777778",NA,NA,NA,"Artigo : Riqueza de mamíferos de grande e médio porte do Parque Nacional da Serra do Divisor (Acre, Brasil) - Calouro A.M. 1999",NA,NA,"Cruzeiro do Sul","-72.8577777777778","-8.40527777777778",NA,NA,NA
"87","2010-03-08 13:52:53-03","SEMA-Acre","ZEE_MAM","3964","S","Animalia",NA,"Mammalia","Primates","Cebidae","Aotus","nigriceps","Aotus nigriceps",NA,NA,NA,NA,NA,NA,NA,"Brasil","Acre","Parque Nacional da Serra do Divisor","-72.7819444444444","-8.87527777777778",NA,NA,NA,"Artigo : Riqueza de mamíferos de grande e médio porte do Parque Nacional da Serra do Divisor (Acre, Brasil) - Calouro A.M. 1999",NA,NA,"Cruzeiro do Sul","-72.7819444444444","-8.87527777777778",NA,NA,NA
"88","2010-03-08 13:52:53-03","SEMA-Acre","ZEE_MAM","654","S","Animalia",NA,"Mammalia","Primates","Cebidae","Aotus","nigriceps","Aotus nigriceps",NA,NA,NA,NA,NA,NA,NA,"Brasil","Acre","Parque Ambiental Chico Mendes; Rioa Acre","-67.5833333333333","-10.1333333333333",NA,NA,NA,"Relatório: Enriquecimento de capoeiras com espécies vegetais utilizadas por primatas - Silva M.C.R. 1998",NA,NA,"Rio Branco","-67.5833333333333","-10.1333333333333",NA,NA,NA
"89","2017-03-30 08:55:31-03","UFMG-ICB","UFMG-BDT","MM000743","S","Animalia","Craniata","Mammalia","Primates","Aotidae","Aotus","nigriceps","Aotus nigriceps",NA,"José Eustáquio do Santos Júnior","JEN055","2011","12",NA,"América do Sul","Brasil","Rondônia","Margem direita do Rio Madeira","-63.9039001464844","-8.76194000244141",NA,NA,"s/ID",NA,"Pele/Pelo",NA,"Porto Velho",NA,NA,"333357","auto","M001552"
"90","2017-03-30 08:55:31-03","UFMG-ICB","UFMG-BDT","MM000737","S","Animalia","Craniata","Mammalia","Primates","Aotidae","Aotus","nigriceps","Aotus nigriceps",NA,"José Eustáquio do Santos Júnior","JEN008","2011","12",NA,"América do Sul","Brasil","Rondônia","Margem esquerda do Rio Madeira","-63.9039001464844","-8.76194000244141",NA,NA,"s/ID",NA,"Carcaça",NA,"Porto Velho",NA,NA,"333357","auto","M001546"
