"record_id","modified","institutionCode","collectionCode","catalogNumber","basisOfRecord","kingdom","phylum","class","order","family","genus","specificEpithet","scientificName","identifiedBy","recordedBy","recordNumber","year","month","day","continentOcean","country","stateProvince","locality","decimalLongitude","decimalLatitude","sex","occurrenceRemarks","minimumElevationInMeters","maximumElevationInMeters","typeStatus","preparationType","individualCount","verbatimLongitude","verbatimLatitude","infraspecificEpithet","county","coordinatePrecision","geoFlag","scientificNameAuthorship","fieldNumber","previousCatalogNumber"
"1","2021-07-17 15:41:31-03","MVZ","MVZ-MAMMAL","MVZ:Mamm:193684","PreservedSpecimen","Animalia","Chordata","Mammalia","Primates","Cebidae","Pithecia","monachus","Pithecia monachus","James L. Patton","Collector(s): Maria Nazareth F. da Silva","1491","1992","03","12","South America","Brazil","Acre","Sobral, left bank Rio Juruá","-72.8166667","-8.3666667","male","<a href='http://arctos.database.museum/guid/MVZ:Mamm:193684' target='other'> <mi>dwc_moreinfo</mi></a>",NA,NA,NA,NA,NA,NA,NA,NA,NA,NA,NA,NA,NA,NA
"2","2020-10-20 10:40:00-03","MVZ","MVZ-MAMMAL","MVZ:Mamm:184546","PreservedSpecimen","Animalia","Chordata","Mammalia","Primates","Cebidae","Pithecia","monachus","Pithecia monachus","Museum of Vertebrate Zoology, University of California, Berkeley","Collector(s): unknown",NA,NA,NA,NA,"South America","Colombia",NA,"no specific locality recorded","-72","4","unknown","<a href='http://arctos.database.museum/guid/MVZ:Mamm:184546' target='other'> <mi>dwc_moreinfo</mi></a>",NA,NA,NA,NA,NA,NA,NA,NA,NA,NA,NA,NA,NA,NA
"3","2020-11-04 04:10:00-03","MVZ","MVZ-MAMMAL","MVZ:Mamm:157795","PreservedSpecimen","Animalia","Chordata","Mammalia","Primates","Cebidae","Pithecia","monachus","Pithecia monachus","Museum of Vertebrate Zoology, University of California, Berkeley","Collector(s): James L. Patton","8470","1979","08","18","South America","Peru","Amazonas","Caterpiza (Huambisa village), Rio Caterpiza of Rio Santiago","-77.71667","-3.91667","male","ELEV. APPROX. <a href='http://arctos.database.museum/guid/MVZ:Mamm:157795' target='other'> <mi>dwc_moreinfo</mi></a>","190","190",NA,NA,NA,NA,NA,NA,NA,NA,NA,NA,NA,NA
"4","2020-11-04 04:10:00-03","MVZ","MVZ-MAMMAL","MVZ:Mamm:157794","PreservedSpecimen","Animalia","Chordata","Mammalia","Primates","Cebidae","Pithecia","monachus","Pithecia monachus","Museum of Vertebrate Zoology, University of California, Berkeley","Collector(s): James L. Patton","8469","1979","08","18","South America","Peru","Amazonas","Caterpiza (Huambisa village), Rio Caterpiza of Rio Santiago","-77.71667","-3.91667","female","ELEV. APPROX. <a href='http://arctos.database.museum/guid/MVZ:Mamm:157794' target='other'> <mi>dwc_moreinfo</mi></a>","190","190",NA,NA,NA,NA,NA,NA,NA,NA,NA,NA,NA,NA
"5","2021-07-17 14:47:24-03","MVZ","MVZ-MAMMAL","MVZ:Mamm:193683","PreservedSpecimen","Animalia","Chordata","Mammalia","Primates","Cebidae","Pithecia","monachus","Pithecia monachus","James L. Patton","Collector(s): Maria Nazareth F. da Silva","41","1992","02","23","South America","Brazil","Acre","left bank Rio Juruá","-72.62245","-8.35367","male","<a href='http://arctos.database.museum/guid/MVZ:Mamm:193683' target='other'> <mi>dwc_moreinfo</mi></a>",NA,NA,"voucher of <a href=http://arctos.database.museum/name/Pithecia monachus>Pithecia monachus</a> in <a href=http://arctos.database.museum/publication/10008085>Wlasiuk et al. 2009</a>",NA,NA,NA,NA,NA,NA,NA,NA,NA,NA,NA
"6","2020-10-20 10:40:00-03","MVZ","MVZ-MAMMAL","MVZ:Mamm:184547","PreservedSpecimen","Animalia","Chordata","Mammalia","Primates","Cebidae","Pithecia","monachus","Pithecia monachus","Museum of Vertebrate Zoology, University of California, Berkeley","Collector(s): unknown",NA,NA,NA,NA,"South America","Colombia",NA,"no specific locality recorded","-72","4","unknown","<a href='http://arctos.database.museum/guid/MVZ:Mamm:184547' target='other'> <mi>dwc_moreinfo</mi></a>",NA,NA,NA,NA,NA,NA,NA,NA,NA,NA,NA,NA,NA,NA
"7","2021-07-18 22:00:02-03","USNM","US-ANIMALIA","16606","PreservedSpecimen","Animalia","Chordata","Mammalia","Primates","Pitheciidae","Pithecia","monachus","Pithecia monachus",NA,"E. Gerrard","No Number",NA,NA,NA,"South America","Ecuador",NA,NA,NA,NA,NA,NA,NA,NA,NA,"Skin; Skull","1",NA,NA,NA,NA,NA,NA,NA,NA,NA
"8","2021-07-18 22:00:02-03","USNM","US-ANIMALIA","518224","PreservedSpecimen","Animalia","Chordata","Mammalia","Primates","Pitheciidae","Pithecia","monachus","Pithecia monachus",NA,"Collector Unknown","29311","1948","10","3","South America","Brazil","Amazonas","Benjamin Constante, Seringal, Boa Vista (Gondino), Rio Quixito, Jose Veiga",NA,NA,NA,NA,NA,NA,NA,"Skin; Skull","1",NA,NA,NA,NA,NA,NA,NA,NA,NA
"9","2021-07-18 22:00:02-03","USNM","US-ANIMALIA","545891","PreservedSpecimen","Animalia","Chordata","Mammalia","Primates","Pitheciidae","Pithecia","monachus","Pithecia monachus",NA,"Collector Unknown","HM 34","1974","8","21","South America","Brazil","Mato Grosso","Aripuana","-60.63","-9.17",NA,NA,NA,NA,NA,"Skin; Skull","1","060 38 -- W","09 10 -- S",NA,NA,NA,NA,NA,NA,NA
"10","2021-07-18 22:00:02-03","USNM","US-ANIMALIA","461706","PreservedSpecimen","Animalia","Chordata","Mammalia","Primates","Pitheciidae","Pithecia","monachus","Pithecia monachus monachus",NA,"F. Pinheiro","A 341","1972","7","19","South America","Brazil","Para","Itaituba, Jacareacanga, Km 19",NA,NA,NA,NA,NA,NA,NA,"Skin; Skull","1",NA,NA,"monachus",NA,NA,NA,NA,NA,NA
"11","2021-07-18 22:00:02-03","USNM","US-ANIMALIA","461918","PreservedSpecimen","Animalia","Chordata","Mammalia","Primates","Pitheciidae","Pithecia","monachus","Pithecia monachus monachus",NA,"F. Pinheiro","A 1547","1973","11","5","South America","Brazil","Para","km 212 Transamazonica Highway, (Itaituba - Jacareacanga)",NA,NA,NA,NA,NA,NA,NA,"Skin; Skull","1",NA,NA,"monachus",NA,NA,NA,NA,NA,NA
"12","2021-07-18 22:00:02-03","USNM","US-ANIMALIA","461919","PreservedSpecimen","Animalia","Chordata","Mammalia","Primates","Pitheciidae","Pithecia","monachus","Pithecia monachus monachus",NA,"F. Pinheiro","A 1657","1973","11","29","South America","Brazil","Para","Itaituba, Transamazonica Itaituba-Jacareacanga Km 212",NA,NA,NA,NA,NA,NA,NA,"Skin; Skull","1",NA,NA,"monachus",NA,NA,NA,NA,NA,NA
"13","2021-07-18 22:00:02-03","USNM","US-ANIMALIA","461920","PreservedSpecimen","Animalia","Chordata","Mammalia","Primates","Pitheciidae","Pithecia","monachus","Pithecia monachus monachus",NA,"F. Pinheiro","A 1658","1973","11","29","South America","Brazil","Para","Itaituba, Transamazonica Itaituba-Jacareacanga Km 212",NA,NA,NA,NA,NA,NA,NA,"Skull","1",NA,NA,"monachus",NA,NA,NA,NA,NA,NA
"14","2021-07-18 22:00:02-03","USNM","US-ANIMALIA","518223","PreservedSpecimen","Animalia","Chordata","Mammalia","Primates","Pitheciidae","Pithecia","monachus","Pithecia monachus monachus",NA,"Collector Unknown","29306","1948","9","17","South America","Brazil","Amazonas","Benjamin Constante, Mata Esperanca Do Municipio",NA,NA,NA,NA,NA,NA,NA,"Skin; Skull","1",NA,NA,"monachus",NA,NA,NA,NA,NA,NA
"15","2021-07-18 22:00:02-03","USNM","US-ANIMALIA","16605","PreservedSpecimen","Animalia","Chordata","Mammalia","Primates","Pitheciidae","Pithecia","monachus","Pithecia monachus",NA,"Collector Unknown","No number",NA,NA,NA,"South America","Ecuador",NA,NA,NA,NA,NA,NA,NA,NA,NA,"Mounted skin","1",NA,NA,NA,NA,NA,NA,NA,NA,NA
"16","2021-07-18 22:00:02-03","USNM","US-ANIMALIA","461705","PreservedSpecimen","Animalia","Chordata","Mammalia","Primates","Pitheciidae","Pithecia","monachus","Pithecia monachus monachus",NA,"F. Pinheiro","A 336","1972","7","17","South America","Brazil","Para","Itaituba, Jacareacanga, Km 19",NA,NA,NA,NA,NA,NA,NA,"Skin; Skull","1",NA,NA,"monachus",NA,NA,NA,NA,NA,NA
"17","2010-03-08 13:53:12-03","SEMA-Acre","ZEE_MAM","8128","S","Animalia",NA,"Mammalia","Primates","Cebidae","Pithecia","monachus","Pithecia monachus",NA,NA,NA,NA,NA,NA,NA,"Brasil","Acre","Parque Nacional da Serra do Divisor; Rio Juruá Mirim","-73.6","-7.45",NA,"Artigo: Observations of Callimico goeldii with Saguinus imperator in the Serra do Divisor National Park, Acre, Barzil - Lopes M.A.O.A. - Rehg J.A. 2003",NA,NA,NA,NA,NA,"-73.6","-7.45",NA,NA,NA,NA,NA,NA,NA
"18","2010-03-08 13:53:12-03","SEMA-Acre","ZEE_MAM","4389","S","Animalia",NA,"Mammalia","Primates","Cebidae","Pithecia","monachus","Pithecia monachus irrorata",NA,NA,NA,NA,NA,NA,NA,"Brasil","Acre","América do Sul- Acre",NA,NA,NA,"Livro: Neotropical rainforest mammals. A field guide, second edition - Emmons L.H. - Feer F. 1997",NA,NA,NA,NA,NA,"0.0","0.0","irrorata",NA,NA,NA,NA,NA,NA
"19","2010-03-08 13:53:12-03","SEMA-Acre","ZEE_MAM","53","S","Animalia",NA,"Mammalia","Primates","Cebidae","Pithecia","monachus","Pithecia monachus",NA,NA,NA,NA,NA,NA,NA,"Brasil","Acre","Seringal Oriente; Margem direita","-72.7636111111111","-8.8225",NA,"Artigo: Alguns mamíferos do Acre Ocidental - Carvalho C.T. 1957",NA,NA,NA,NA,NA,"-72.7636111111111","-8.8225",NA,NA,NA,NA,NA,NA,NA
"20","2010-03-08 13:53:12-03","SEMA-Acre","ZEE_MAM","33","S","Animalia",NA,"Mammalia","Primates","Cebidae","Pithecia","monachus","Pithecia monachus",NA,NA,NA,NA,NA,NA,NA,"Brasil","Acre","Margem esquerda do Rio Juruá - Ponto 2; Rio Juruá","-72.725","-9.41333333333333",NA,"Artigo: Notes on the primates of the Juruá River- western Brasilian Amazonia - Peres C.A. 1993",NA,NA,NA,NA,NA,"-72.725","-9.41333333333333",NA,NA,NA,NA,NA,NA,NA
"21","2010-03-08 13:53:12-03","SEMA-Acre","ZEE_MAM","8355","S","Animalia",NA,"Mammalia","Primates","Cebidae","Pithecia","monachus","Pithecia monachus",NA,NA,NA,NA,NA,NA,NA,"Brasil","Acre",NA,"-72.67","-7.64777777777778",NA,"Artigo: Novos hospedeiros do Plasmodium brasilianum no Estado do Acre, Brasil: o uacari Cacajao rubicundus rubicundus, o guariba Alouatta seniculus seniculus e o macaco barrigudo Lagothrix lagothrix poeppigii - Ferreira Neto J.A. - Deane L.M. 1973",NA,NA,NA,NA,NA,"-72.67","-7.64777777777778",NA,"Cruzeiro do Sul",NA,NA,NA,NA,NA
"22","2010-03-08 13:53:12-03","SEMA-Acre","ZEE_MAM","52","S","Animalia",NA,"Mammalia","Primates","Cebidae","Pithecia","monachus","Pithecia monachus",NA,NA,NA,NA,NA,NA,NA,"Brasil","Acre",NA,"-72.67","-7.64777777777778",NA,"Artigo: Alguns mamíferos do Acre Ocidental - Carvalho C.T. 1957",NA,NA,NA,NA,NA,"-72.67","-7.64777777777778",NA,"Cruzeiro do Sul",NA,NA,NA,NA,NA
"23","2010-03-08 13:53:12-03","SEMA-Acre","ZEE_MAM","8526","S","Animalia",NA,"Mammalia","Primates","Cebidae","Pithecia","monachus","Pithecia monachus",NA,NA,NA,NA,NA,NA,NA,"Brasil","Acre","Seringal São Salvador; Rio Moa","-73.2666666666667","-7.38333333333333",NA,"Livro: A fauna silvestre e as práticas de caça - Fragoso J.M.V- Santos M.C.- Nascimento V.M.L 2002",NA,NA,NA,NA,NA,"-73.2666666666667","-7.38333333333333",NA,"Mâncio Lima",NA,NA,NA,NA,NA
"24","2010-03-08 13:53:12-03","SEMA-Acre","ZEE_MAM","32","S","Animalia",NA,"Mammalia","Primates","Cebidae","Pithecia","monachus","Pithecia monachus",NA,NA,NA,NA,NA,NA,NA,"Brasil","Acre","Margem direita do Rio Juruá - Ponto 1; Rio Juruá","-72.735","-9.42",NA,"Artigo: Notes on the primates of the Juruá River- western Brasilian Amazonia - Peres C.A. 1993",NA,NA,NA,NA,NA,"-72.735","-9.42",NA,NA,NA,NA,NA,NA,NA
"25","2010-03-08 13:53:12-03","SEMA-Acre","ZEE_MAM","4390","S","Animalia",NA,"Mammalia","Primates","Cebidae","Pithecia","monachus","Pithecia monachus",NA,NA,NA,NA,NA,NA,NA,"Brasil","Acre","América do Sul- Acre",NA,NA,NA,"Livro: Neotropical rainforest mammals. A field guide, second edition - Emmons L.H. - Feer F. 1997",NA,NA,NA,NA,NA,"0.0","0.0",NA,NA,NA,NA,NA,NA,NA
"26","2010-03-08 13:53:12-03","SEMA-Acre","ZEE_MAM","8365","S","Animalia",NA,"Mammalia","Primates","Cebidae","Pithecia","monachus","Pithecia monachus",NA,NA,NA,NA,NA,NA,NA,"Brasil","Acre","Seringal Aquidabã; Rio Moa","-72.6699981689453","-7.63111019134521",NA,"Artigo: Novos hospedeiros do Plasmodium brasilianum no Estado do Acre, Brasil: o uacari Cacajao rubicundus rubicundus, o guariba Alouatta seniculus seniculus e o macaco barrigudo Lagothrix lagothrix poeppigii - Ferreira Neto J.A. - Deane L.M. 1973",NA,NA,NA,NA,NA,"0.0","0.0",NA,"Cruzeiro do Sul","123037","auto",NA,NA,NA
"27","2010-03-08 13:53:12-03","SEMA-Acre","ZEE_MAM","3971","S","Animalia",NA,"Mammalia","Primates","Cebidae","Pithecia","monachus","Pithecia monachus",NA,NA,NA,NA,NA,NA,NA,"Brasil","Acre","Parque Nacional da Serra do Divisor","-73.6611111111111","-7.43166666666667",NA,"Artigo : Riqueza de mamíferos de grande e médio porte do Parque Nacional da Serra do Divisor (Acre, Brasil) - Calouro A.M. 1999",NA,NA,NA,NA,NA,"-73.6611111111111","-7.43166666666667",NA,"Cruzeiro do Sul",NA,NA,NA,NA,NA
"28","2010-03-08 13:53:12-03","SEMA-Acre","ZEE_MAM","3972","S","Animalia",NA,"Mammalia","Primates","Cebidae","Pithecia","monachus","Pithecia monachus",NA,NA,NA,NA,NA,NA,NA,"Brasil","Acre","Parque Nacional da Serra do Divisor","-73.2766666666667","-7.55666666666667",NA,"Artigo : Riqueza de mamíferos de grande e médio porte do Parque Nacional da Serra do Divisor (Acre, Brasil) - Calouro A.M. 1999",NA,NA,NA,NA,NA,"-73.2766666666667","-7.55666666666667",NA,"Cruzeiro do Sul",NA,NA,NA,NA,NA
"29","2010-03-08 13:53:12-03","SEMA-Acre","ZEE_MAM","3973","S","Animalia",NA,"Mammalia","Primates","Cebidae","Pithecia","monachus","Pithecia monachus",NA,NA,NA,NA,NA,NA,NA,"Brasil","Acre","Parque Nacional da Serra do Divisor","-72.8833333333333","-8.55833333333333",NA,"Artigo : Riqueza de mamíferos de grande e médio porte do Parque Nacional da Serra do Divisor (Acre, Brasil) - Calouro A.M. 1999",NA,NA,NA,NA,NA,"-72.8833333333333","-8.55833333333333",NA,"Cruzeiro do Sul",NA,NA,NA,NA,NA
"30","2010-03-08 13:53:12-03","SEMA-Acre","ZEE_MAM","3974","S","Animalia",NA,"Mammalia","Primates","Cebidae","Pithecia","monachus","Pithecia monachus",NA,NA,NA,NA,NA,NA,NA,"Brasil","Acre","Parque Nacional da Serra do Divisor","-72.7819444444444","-8.87527777777778",NA,"Artigo : Riqueza de mamíferos de grande e médio porte do Parque Nacional da Serra do Divisor (Acre, Brasil) - Calouro A.M. 1999",NA,NA,NA,NA,NA,"-72.7819444444444","-8.87527777777778",NA,"Cruzeiro do Sul",NA,NA,NA,NA,NA
"31","2010-03-08 13:53:12-03","SEMA-Acre","ZEE_MAM","8217","S","Animalia",NA,"Mammalia","Primates","Cebidae","Pithecia","monachus","Pithecia monachus monachus",NA,NA,NA,NA,NA,NA,NA,"Brasil","Acre",NA,"-72.8166666666667","-8.36666666666667",NA,"Artigo: Primate community structure at twenty western Amazonian flooded and unflooded forests - Peres C.A. 1997",NA,NA,NA,NA,NA,"-72.8166666666667","-8.36666666666667","monachus",NA,NA,NA,NA,NA,NA
"32","2010-03-08 13:53:12-03","SEMA-Acre","ZEE_MAM","528","S","Animalia",NA,"Mammalia","Primates","Cebidae","Pithecia","monachus","Pithecia monachus monachus",NA,NA,NA,NA,NA,NA,NA,"Brasil","Acre","Parque Nacional da Serra do Divisor","-73.7744444444444","-7.45888888888889",NA,"Artigo : Riqueza de mamíferos de grande e médio porte do Parque Nacional da Serra do Divisor (Acre, Brasil) - Calouro A.M. 1999",NA,NA,NA,NA,NA,"-73.7744444444444","-7.45888888888889","monachus","Cruzeiro do Sul",NA,NA,NA,NA,NA
"33","2010-03-08 13:53:12-03","SEMA-Acre","ZEE_MAM","403","S","Animalia",NA,"Mammalia","Primates","Cebidae","Pithecia","monachus","Pithecia monachus monachus",NA,NA,NA,NA,NA,NA,NA,"Brasil","Acre","Parque Nacional da Serra do Divisor","-73.7013888888889","-7.50611111111111",NA,"Livro: The status of conservation areas in the Brasilian Amazon - Rylands A.B. 1991",NA,NA,NA,NA,NA,"-73.7013888888889","-7.50611111111111","monachus","Cruzeiro do Sul",NA,NA,NA,NA,NA
"34","2021-03-05 09:55:28-03","MCZ","HU-ZOO","1438","PreservedSpecimen","Animalia","Chordata","Mammalia","Primates","Cebidae","Pithecia","monachus","Pithecia monachus","[no agent data]","Newton Dexter",NA,"1865","01","01","South America","Brazil",NA,"Manaos","-60.025278","-3.113333",NA,"sex: unknown",NA,NA,NA,"skin (mounted)","1",NA,NA,NA,NA,NA,NA,"(É. Geoffroy Saint-Hilaire, 1812)",NA,NA
"35","2021-03-02 13:25:33-03","MCZ","HU-ZOO","19753","PreservedSpecimen","Animalia","Chordata","Mammalia","Primates","Cebidae","Pithecia","monachus","Pithecia monachus","[no agent data]","Thomas E. Penard",NA,"1921","12","06","South America","Suriname",NA,"near Paramaribo","-55.162338","5.829003",NA,"sex: female",NA,NA,NA,"skin (dry)","1",NA,NA,NA,NA,NA,NA,"(É. Geoffroy Saint-Hilaire, 1812)",NA,NA
"36","2021-03-02 13:29:26-03","MCZ","HU-ZOO","20258","PreservedSpecimen","Animalia","Chordata","Mammalia","Primates","Cebidae","Pithecia","monachus","Pithecia monachus","[no agent data]","Thomas E. Penard",NA,"1922","02","20","South America","Suriname","Wanica","Lelydorp","-55.218742","5.695217",NA,"sex: male",NA,NA,NA,"skin (dry)","1",NA,NA,NA,NA,NA,NA,"(É. Geoffroy Saint-Hilaire, 1812)",NA,NA
"37","2021-03-02 13:29:26-03","MCZ","HU-ZOO","20265","PreservedSpecimen","Animalia","Chordata","Mammalia","Primates","Cebidae","Pithecia","monachus","Pithecia monachus","[no agent data]","Thomas E. Penard",NA,"1922","03","06","South America","Suriname","Wanica","Lelydorp","-55.218742","5.695217",NA,"sex: male",NA,NA,NA,"skull (dry); skin (dry)","1",NA,NA,NA,NA,NA,NA,"(É. Geoffroy Saint-Hilaire, 1812)",NA,NA
"38","2021-03-02 13:29:26-03","MCZ","HU-ZOO","20266","PreservedSpecimen","Animalia","Chordata","Mammalia","Primates","Cebidae","Pithecia","monachus","Pithecia monachus","[no agent data]","Thomas E. Penard",NA,"1922","02","28","South America","Suriname","Wanica","Lelydorp","-55.218742","5.695217",NA,"sex: unknown",NA,NA,NA,"skull (dry); skin (dry)","1",NA,NA,NA,NA,NA,NA,"(É. Geoffroy Saint-Hilaire, 1812)",NA,NA
"39","2021-03-02 13:28:26-03","MCZ","HU-ZOO","27124","PreservedSpecimen","Animalia","Chordata","Mammalia","Primates","Cebidae","Pithecia","monachus","Pithecia monachus","[no agent data]","Thomas E. Penard",NA,NA,NA,NA,"South America","Suriname","Paramaribo","Paramaribo","-55.187299","5.859257",NA,"sex: unknown",NA,NA,NA,"skull (dry)","1",NA,NA,NA,NA,NA,NA,"(É. Geoffroy Saint-Hilaire, 1812)",NA,NA
"40","2021-03-05 09:55:15-03","MCZ","HU-ZOO","30720","PreservedSpecimen","Animalia","Chordata","Mammalia","Primates","Cebidae","Pithecia","monachus","Pithecia monachus","[no agent data]","Alfonso M. Olalla",NA,NA,NA,NA,"South America","Brazil",NA,"Rio Amazonas Lago Cuiteua",NA,NA,NA,"sex: female",NA,NA,NA,"skull (dry); skin (dry)","1",NA,NA,NA,NA,NA,NA,"(É. Geoffroy Saint-Hilaire, 1812)",NA,NA
"41","2021-03-05 09:55:15-03","MCZ","HU-ZOO","3938","PreservedSpecimen","Animalia","Chordata","Mammalia","Primates","Cebidae","Pithecia","monachus","Pithecia monachus","Thayer Expedition to Brazil","Thayer Expedition to Brazil",NA,NA,NA,NA,"South America","Brazil",NA,"Lake Hyannaria",NA,NA,NA,"sex: unknown",NA,NA,NA,"skin (dry)","1",NA,NA,NA,NA,NA,NA,"(É. Geoffroy Saint-Hilaire, 1812)",NA,NA
"42","2021-03-05 09:57:41-03","MCZ","HU-ZOO","3980","PreservedSpecimen","Animalia","Chordata","Mammalia","Primates","Cebidae","Pithecia","monachus","Pithecia monachus","Thayer Expedition","Thayer Expedition",NA,NA,NA,NA,"South America","Brazil","Amazonas","Tefé [Tefe, Teffe]","-64.72054","-3.36841",NA,"sex: unknown",NA,NA,NA,"skin (dry)","1",NA,NA,NA,NA,NA,NA,"(É. Geoffroy Saint-Hilaire, 1812)",NA,NA
"43","2021-03-05 11:12:58-03","MCZ","HU-ZOO","6456","PreservedSpecimen","Animalia","Chordata","Mammalia","Primates","Cebidae","Pithecia","monachus","Pithecia monachus","[no agent data]","Henry Augustus Ward",NA,"1834","01","01","South America","Ecuador",NA,"[no specific locality data]","-78.400879","-1.648616",NA,"sex: unknown",NA,NA,NA,"skin (mounted)","1",NA,NA,NA,NA,NA,NA,"(É. Geoffroy Saint-Hilaire, 1812)",NA,NA
"44","2021-03-05 10:21:27-03","MCZ","HU-ZOO","30721","PreservedSpecimen","Animalia","Chordata","Mammalia","Primates","Cebidae","Pithecia","monachus","Pithecia monachus","[no agent data]","Alfonso M. Olalla",NA,"1932","12","20","South America","Brazil","Para","Rio Tapajos, Boim","-55.247436","-3.124012",NA,"sex: male",NA,NA,NA,"skull (dry); skin (dry)","1",NA,NA,NA,NA,NA,NA,"(É. Geoffroy Saint-Hilaire, 1812)",NA,NA
"45","2012-05-28 15:32:22-03","UFMT","CMUFMT","602","S","Animalia",NA,NA,"Primates",NA,"Pithecia","monachus","Pithecia monachus",NA,"Paslawsky, M.",NA,"2008","01","10",NA,"Brasil","Mato Grosso","PCH Faxinal II, MD rio aripuanã",NA,NA,"Macho",NA,NA,NA,NA,NA,NA,NA,"9999",NA,"Aripuanã",NA,NA,NA,"MôA-08/ARIP-21",NA
"46","2015-02-23 14:57:21-03","NHMLondon","NHM-LONDON-ZOO","1851.4.23.5","S","Animalia","Chordata","Mammalia","Primates",NA,"Pithecia","monachus","Pithecia monachus",NA,NA,NA,NA,NA,NA,NA,"Brasil",NA,NA,NA,NA,"male",NA,NA,NA,NA,NA,NA,NA,NA,NA,NA,NA,NA,NA,NA,"NHMUK:ecatalogue:4071645"
"47","2015-02-23 14:57:21-03","NHMLondon","NHM-LONDON-ZOO","1860.4.16.2","S","Animalia","Chordata","Mammalia","Primates",NA,"Pithecia","monachus","Pithecia monachus",NA,NA,NA,NA,NA,NA,NA,"Brasil",NA,NA,NA,NA,"indeterminate",NA,NA,NA,NA,NA,NA,NA,NA,NA,NA,NA,NA,NA,NA,"NHMUK:ecatalogue:4072368"
"48","2015-02-23 14:57:21-03","NHMLondon","NHM-LONDON-ZOO","1860.4.16.3","S","Animalia","Chordata","Mammalia","Primates",NA,"Pithecia","monachus","Pithecia monachus",NA,NA,NA,NA,NA,NA,NA,"Brasil",NA,NA,NA,NA,"male",NA,NA,NA,"holotype",NA,NA,NA,NA,NA,NA,NA,NA,NA,NA,"NHMUK:ecatalogue:4072373"
"49","2016-08-23 09:42:17-03","NHMLondon","NHM-LONDON-ZOO","1939,3512","S","Animalia","Chordata","Mammalia","Primates",NA,"Pithecia","monachus","Pithecia monachus",NA,NA,NA,"1926","05",NA,NA,"Brasil",NA,NA,NA,NA,"female",NA,NA,NA,NA,NA,NA,NA,NA,NA,NA,NA,NA,NA,NA,"NHMUK:ecatalogue:4082797"
"50","2015-02-23 14:57:21-03","NHMLondon","NHM-LONDON-ZOO","1851.8.30.3","S","Animalia","Chordata","Mammalia","Primates",NA,"Pithecia","monachus","Pithecia monachus",NA,NA,NA,NA,NA,NA,NA,"Brasil",NA,NA,NA,NA,"male",NA,NA,NA,NA,NA,NA,NA,NA,NA,NA,NA,NA,NA,NA,"NHMUK:ecatalogue:4071695"
"51","2016-08-23 09:42:17-03","NHMLondon","NHM-LONDON-ZOO","1926.5.5.2","S","Animalia","Chordata","Mammalia","Primates",NA,"Pithecia","monachus","Pithecia monachus",NA,NA,NA,"1925","10","07",NA,"Brasil",NA,NA,NA,NA,"male",NA,NA,NA,NA,NA,NA,NA,NA,NA,NA,NA,NA,NA,NA,"NHMUK:ecatalogue:4078144"
"52","2016-08-23 09:42:17-03","NHMLondon","NHM-LONDON-ZOO","1903.9.1.6","S","Animalia","Chordata","Mammalia","Primates",NA,"Pithecia","monachus","Pithecia monachus",NA,NA,NA,"1902","03",NA,NA,"Brasil",NA,NA,NA,NA,"male",NA,NA,NA,NA,NA,NA,NA,NA,NA,NA,NA,NA,NA,NA,"NHMUK:ecatalogue:4074509"
"53","2015-02-23 14:57:21-03","NHMLondon","NHM-LONDON-ZOO","1851.4.23.4","S","Animalia","Chordata","Mammalia","Primates",NA,"Pithecia","monachus","Pithecia monachus",NA,NA,NA,NA,NA,NA,NA,"Brasil",NA,NA,NA,NA,"indeterminate",NA,NA,NA,NA,NA,NA,NA,NA,NA,NA,NA,NA,NA,NA,"NHMUK:ecatalogue:4071641"
"54","2015-02-23 14:57:21-03","NHMLondon","NHM-LONDON-ZOO","1860.4.16.3","S","Animalia","Chordata","Mammalia","Primates",NA,"Pithecia","monachus","Pithecia monachus",NA,NA,NA,NA,NA,NA,NA,"Brasil",NA,NA,NA,NA,"male",NA,NA,NA,"holotype",NA,NA,NA,NA,NA,NA,NA,NA,NA,NA,"NHMUK:ecatalogue:4072372"
"55","2015-02-23 14:57:21-03","NHMLondon","NHM-LONDON-ZOO","1926.5.5.1","S","Animalia","Chordata","Mammalia","Primates",NA,"Pithecia","monachus","Pithecia monachus",NA,NA,NA,NA,NA,NA,NA,"Brasil",NA,NA,NA,NA,"male",NA,NA,NA,NA,NA,NA,NA,NA,NA,NA,NA,NA,NA,NA,"NHMUK:ecatalogue:4078141"
"56","2015-02-23 14:57:21-03","NHMLondon","NHM-LONDON-ZOO","1851.4.23.4","S","Animalia","Chordata","Mammalia","Primates",NA,"Pithecia","monachus","Pithecia monachus",NA,NA,NA,NA,NA,NA,NA,"Brasil",NA,NA,NA,NA,"indeterminate",NA,NA,NA,NA,NA,NA,NA,NA,NA,NA,NA,NA,NA,NA,"NHMUK:ecatalogue:4071642"
"57","2015-02-23 14:57:21-03","NHMLondon","NHM-LONDON-ZOO","1860.4.16.2","S","Animalia","Chordata","Mammalia","Primates",NA,"Pithecia","monachus","Pithecia monachus",NA,NA,NA,NA,NA,NA,NA,"Brasil",NA,NA,NA,NA,"indeterminate",NA,NA,NA,NA,NA,NA,NA,NA,NA,NA,NA,NA,NA,NA,"NHMUK:ecatalogue:4072369"
"58","2016-08-23 09:42:17-03","NHMLondon","NHM-LONDON-ZOO","1903.9.1.6","S","Animalia","Chordata","Mammalia","Primates",NA,"Pithecia","monachus","Pithecia monachus",NA,NA,NA,"1902","03",NA,NA,"Brasil",NA,NA,NA,NA,"male",NA,NA,NA,NA,NA,NA,NA,NA,NA,NA,NA,NA,NA,NA,"NHMUK:ecatalogue:4074510"
"59","2015-02-23 14:57:21-03","NHMLondon","NHM-LONDON-ZOO","1908.5.9.1","S","Animalia","Chordata","Mammalia","Primates",NA,"Pithecia","monachus","Pithecia monachus",NA,NA,NA,"1906","11","14",NA,"Brasil",NA,NA,NA,NA,"male",NA,NA,NA,NA,NA,NA,NA,NA,NA,NA,NA,NA,NA,NA,"NHMUK:ecatalogue:4075652"
"60","2015-02-23 14:57:21-03","NHMLondon","NHM-LONDON-ZOO","1908.5.9.1","S","Animalia","Chordata","Mammalia","Primates",NA,"Pithecia","monachus","Pithecia monachus",NA,NA,NA,"1906","11","14",NA,"Brasil",NA,NA,NA,NA,"male",NA,NA,NA,NA,NA,NA,NA,NA,NA,NA,NA,NA,NA,NA,"NHMUK:ecatalogue:4075651"
"61","2016-08-23 09:42:17-03","NHMLondon","NHM-LONDON-ZOO","1920.7.14.6","S","Animalia","Chordata","Mammalia","Primates",NA,"Pithecia","monachus","Pithecia monachus",NA,NA,NA,"1917","06","22",NA,"Brasil",NA,NA,NA,NA,"male",NA,NA,NA,NA,NA,NA,NA,NA,NA,NA,NA,NA,NA,NA,"NHMUK:ecatalogue:4077428"
"62","2016-08-23 09:42:17-03","NHMLondon","NHM-LONDON-ZOO","1920.7.14.6","S","Animalia","Chordata","Mammalia","Primates",NA,"Pithecia","monachus","Pithecia monachus",NA,NA,NA,"1917","06","22",NA,"Brasil",NA,NA,NA,NA,"male",NA,NA,NA,NA,NA,NA,NA,NA,NA,NA,NA,NA,NA,NA,"NHMUK:ecatalogue:4077429"
"63","2016-08-23 09:42:17-03","NHMLondon","NHM-LONDON-ZOO","1925.12.11.1","S","Animalia","Chordata","Mammalia","Primates",NA,"Pithecia","monachus","Pithecia monachus",NA,NA,NA,"1925","03","02",NA,"Brasil",NA,NA,NA,NA,"male",NA,NA,NA,NA,NA,NA,NA,NA,NA,NA,NA,NA,NA,NA,"NHMUK:ecatalogue:4078082"
"64","2016-08-23 09:42:17-03","NHMLondon","NHM-LONDON-ZOO","1925.12.11.1","S","Animalia","Chordata","Mammalia","Primates",NA,"Pithecia","monachus","Pithecia monachus",NA,NA,NA,"1925","03","02",NA,"Brasil",NA,NA,NA,NA,"male",NA,NA,NA,NA,NA,NA,NA,NA,NA,NA,NA,NA,NA,NA,"NHMUK:ecatalogue:4078083"
"65","2016-08-23 09:42:17-03","NHMLondon","NHM-LONDON-ZOO","1925.12.11.2","S","Animalia","Chordata","Mammalia","Primates",NA,"Pithecia","monachus","Pithecia monachus",NA,NA,NA,"1925","03","19",NA,"Brasil",NA,NA,NA,NA,"male",NA,NA,NA,NA,NA,NA,NA,NA,NA,NA,NA,NA,NA,NA,"NHMUK:ecatalogue:4078087"
"66","2016-08-23 09:42:17-03","NHMLondon","NHM-LONDON-ZOO","1925.12.11.2","S","Animalia","Chordata","Mammalia","Primates",NA,"Pithecia","monachus","Pithecia monachus",NA,NA,NA,"1925","03","19",NA,"Brasil",NA,NA,NA,NA,"male",NA,NA,NA,NA,NA,NA,NA,NA,NA,NA,NA,NA,NA,NA,"NHMUK:ecatalogue:4078086"
"67","2016-08-23 09:42:17-03","NHMLondon","NHM-LONDON-ZOO","1925.12.11.3","S","Animalia","Chordata","Mammalia","Primates",NA,"Pithecia","monachus","Pithecia monachus",NA,NA,NA,"1925","02","16",NA,"Brasil",NA,NA,NA,NA,"female",NA,NA,NA,NA,NA,NA,NA,NA,NA,NA,NA,NA,NA,NA,"NHMUK:ecatalogue:4078090"
"68","2016-08-23 09:42:17-03","NHMLondon","NHM-LONDON-ZOO","1925.12.11.3","S","Animalia","Chordata","Mammalia","Primates",NA,"Pithecia","monachus","Pithecia monachus",NA,NA,NA,"1925","02","16",NA,"Brasil",NA,NA,NA,NA,"female",NA,NA,NA,NA,NA,NA,NA,NA,NA,NA,NA,NA,NA,NA,"NHMUK:ecatalogue:4078091"
"69","2016-08-23 09:42:17-03","NHMLondon","NHM-LONDON-ZOO","1925.12.11.4","S","Animalia","Chordata","Mammalia","Primates",NA,"Pithecia","monachus","Pithecia monachus",NA,NA,NA,"1925","03","11",NA,"Brasil",NA,NA,NA,NA,"female",NA,NA,NA,NA,NA,NA,NA,NA,NA,NA,NA,NA,NA,NA,"NHMUK:ecatalogue:4078094"
"70","2016-08-23 09:42:17-03","NHMLondon","NHM-LONDON-ZOO","1925.12.11.4","S","Animalia","Chordata","Mammalia","Primates",NA,"Pithecia","monachus","Pithecia monachus",NA,NA,NA,"1925","03","11",NA,"Brasil",NA,NA,NA,NA,"female",NA,NA,NA,NA,NA,NA,NA,NA,NA,NA,NA,NA,NA,NA,"NHMUK:ecatalogue:4078095"
"71","2015-02-23 14:57:21-03","NHMLondon","NHM-LONDON-ZOO","1926.5.5.1","S","Animalia","Chordata","Mammalia","Primates",NA,"Pithecia","monachus","Pithecia monachus",NA,NA,NA,NA,NA,NA,NA,"Brasil",NA,NA,NA,NA,"male",NA,NA,NA,NA,NA,NA,NA,NA,NA,NA,NA,NA,NA,NA,"NHMUK:ecatalogue:4078140"
"72","2016-08-23 09:42:17-03","NHMLondon","NHM-LONDON-ZOO","1926.5.5.2","S","Animalia","Chordata","Mammalia","Primates",NA,"Pithecia","monachus","Pithecia monachus",NA,NA,NA,"1925","10","07",NA,"Brasil",NA,NA,NA,NA,"male",NA,NA,NA,NA,NA,NA,NA,NA,NA,NA,NA,NA,NA,NA,"NHMUK:ecatalogue:4078145"
"73","2015-02-23 14:57:21-03","NHMLondon","NHM-LONDON-ZOO","1926.5.5.3","S","Animalia","Chordata","Mammalia","Primates",NA,"Pithecia","monachus","Pithecia monachus",NA,NA,NA,"1925","10","11",NA,"Brasil",NA,NA,NA,NA,"male",NA,NA,NA,NA,NA,NA,NA,NA,NA,NA,NA,NA,NA,NA,"NHMUK:ecatalogue:4078148"
"74","2015-02-23 14:57:21-03","NHMLondon","NHM-LONDON-ZOO","1926.5.5.3","S","Animalia","Chordata","Mammalia","Primates",NA,"Pithecia","monachus","Pithecia monachus",NA,NA,NA,"1925","10","11",NA,"Brasil",NA,NA,NA,NA,"male",NA,NA,NA,NA,NA,NA,NA,NA,NA,NA,NA,NA,NA,NA,"NHMUK:ecatalogue:4078149"
"75","2016-08-23 09:42:17-03","NHMLondon","NHM-LONDON-ZOO","1926.5.5.4","S","Animalia","Chordata","Mammalia","Primates",NA,"Pithecia","monachus","Pithecia monachus",NA,NA,NA,"1925","09","26",NA,"Brasil",NA,NA,NA,NA,"female",NA,NA,NA,NA,NA,NA,NA,NA,NA,NA,NA,NA,NA,NA,"NHMUK:ecatalogue:4078152"
"76","2016-08-23 09:42:17-03","NHMLondon","NHM-LONDON-ZOO","1926.5.5.4","S","Animalia","Chordata","Mammalia","Primates",NA,"Pithecia","monachus","Pithecia monachus",NA,NA,NA,"1925","09","26",NA,"Brasil",NA,NA,NA,NA,"female",NA,NA,NA,NA,NA,NA,NA,NA,NA,NA,NA,NA,NA,NA,"NHMUK:ecatalogue:4078153"
"77","2016-08-23 09:42:17-03","NHMLondon","NHM-LONDON-ZOO","1926.5.5.5","S","Animalia","Chordata","Mammalia","Primates",NA,"Pithecia","monachus","Pithecia monachus",NA,NA,NA,"1925","10","06",NA,"Brasil",NA,NA,NA,NA,"female",NA,NA,NA,NA,NA,NA,NA,NA,NA,NA,NA,NA,NA,NA,"NHMUK:ecatalogue:4078156"
"78","2016-08-23 09:42:17-03","NHMLondon","NHM-LONDON-ZOO","1926.5.5.5","S","Animalia","Chordata","Mammalia","Primates",NA,"Pithecia","monachus","Pithecia monachus",NA,NA,NA,"1925","10","06",NA,"Brasil",NA,NA,NA,NA,"female",NA,NA,NA,NA,NA,NA,NA,NA,NA,NA,NA,NA,NA,NA,"NHMUK:ecatalogue:4078157"
"79","2015-02-23 14:57:21-03","NHMLondon","NHM-LONDON-ZOO","1926.5.5.6","S","Animalia","Chordata","Mammalia","Primates",NA,"Pithecia","monachus","Pithecia monachus",NA,NA,NA,"1925","10","18",NA,"Brasil",NA,NA,NA,NA,"female",NA,NA,NA,NA,NA,NA,NA,NA,NA,NA,NA,NA,NA,NA,"NHMUK:ecatalogue:4078161"
"80","2015-02-23 14:57:21-03","NHMLondon","NHM-LONDON-ZOO","1926.5.5.6","S","Animalia","Chordata","Mammalia","Primates",NA,"Pithecia","monachus","Pithecia monachus",NA,NA,NA,"1925","10","18",NA,"Brasil",NA,NA,NA,NA,"female",NA,NA,NA,NA,NA,NA,NA,NA,NA,NA,NA,NA,NA,NA,"NHMUK:ecatalogue:4078160"
"81","2015-02-23 14:57:21-03","NHMLondon","NHM-LONDON-ZOO","1926.5.5.7","S","Animalia","Chordata","Mammalia","Primates",NA,"Pithecia","monachus","Pithecia monachus",NA,NA,NA,"1925","11","14",NA,"Brasil",NA,NA,NA,NA,"male",NA,NA,NA,NA,NA,NA,NA,NA,NA,NA,NA,NA,NA,NA,"NHMUK:ecatalogue:4078165"
"82","2015-02-23 14:57:21-03","NHMLondon","NHM-LONDON-ZOO","1926.5.5.7","S","Animalia","Chordata","Mammalia","Primates",NA,"Pithecia","monachus","Pithecia monachus",NA,NA,NA,"1925","11","14",NA,"Brasil",NA,NA,NA,NA,"male",NA,NA,NA,NA,NA,NA,NA,NA,NA,NA,NA,NA,NA,NA,"NHMUK:ecatalogue:4078164"
"83","2015-02-23 14:57:21-03","NHMLondon","NHM-LONDON-ZOO","1926.5.5.8","S","Animalia","Chordata","Mammalia","Primates",NA,"Pithecia","monachus","Pithecia monachus",NA,NA,NA,"1925","11","14",NA,"Brasil",NA,NA,NA,NA,"female",NA,NA,NA,NA,NA,NA,NA,NA,NA,NA,NA,NA,NA,NA,"NHMUK:ecatalogue:4078169"
"84","2015-02-23 14:57:21-03","NHMLondon","NHM-LONDON-ZOO","1926.5.5.8","S","Animalia","Chordata","Mammalia","Primates",NA,"Pithecia","monachus","Pithecia monachus",NA,NA,NA,"1925","11","14",NA,"Brasil",NA,NA,NA,NA,"female",NA,NA,NA,NA,NA,NA,NA,NA,NA,NA,NA,NA,NA,NA,"NHMUK:ecatalogue:4078168"
"85","2016-08-23 09:42:17-03","NHMLondon","NHM-LONDON-ZOO","1927.3.6.3","S","Animalia","Chordata","Mammalia","Primates",NA,"Pithecia","monachus","Pithecia monachus",NA,NA,NA,"1926","09","29",NA,"Brasil",NA,NA,NA,NA,"male",NA,NA,NA,NA,NA,NA,NA,NA,NA,NA,NA,NA,NA,NA,"NHMUK:ecatalogue:4078735"
"86","2016-08-23 09:42:17-03","NHMLondon","NHM-LONDON-ZOO","1927.3.6.3","S","Animalia","Chordata","Mammalia","Primates",NA,"Pithecia","monachus","Pithecia monachus",NA,NA,NA,"1926","09","29",NA,"Brasil",NA,NA,NA,NA,"male",NA,NA,NA,NA,NA,NA,NA,NA,NA,NA,NA,NA,NA,NA,"NHMUK:ecatalogue:4078736"
"87","2016-08-23 09:42:17-03","NHMLondon","NHM-LONDON-ZOO","1927.3.6.4","S","Animalia","Chordata","Mammalia","Primates",NA,"Pithecia","monachus","Pithecia monachus",NA,NA,NA,"1926","09","10",NA,"Brasil",NA,NA,NA,NA,"female",NA,NA,NA,NA,NA,NA,NA,NA,NA,NA,NA,NA,NA,NA,"NHMUK:ecatalogue:4078740"
"88","2016-08-23 09:42:17-03","NHMLondon","NHM-LONDON-ZOO","1927.3.6.4","S","Animalia","Chordata","Mammalia","Primates",NA,"Pithecia","monachus","Pithecia monachus",NA,NA,NA,"1926","09","10",NA,"Brasil",NA,NA,NA,NA,"female",NA,NA,NA,NA,NA,NA,NA,NA,NA,NA,NA,NA,NA,NA,"NHMUK:ecatalogue:4078739"
"89","2016-08-23 09:42:17-03","NHMLondon","NHM-LONDON-ZOO","1927.8.11.13","S","Animalia","Chordata","Mammalia","Primates",NA,"Pithecia","monachus","Pithecia monachus",NA,NA,NA,"1925","03","21",NA,"Brasil",NA,NA,NA,NA,"female",NA,NA,NA,NA,NA,NA,NA,NA,NA,NA,NA,NA,NA,NA,"NHMUK:ecatalogue:4078874"
"90","2016-08-23 09:42:17-03","NHMLondon","NHM-LONDON-ZOO","1927.8.11.13","S","Animalia","Chordata","Mammalia","Primates",NA,"Pithecia","monachus","Pithecia monachus",NA,NA,NA,"1925","03","21",NA,"Brasil",NA,NA,NA,NA,"female",NA,NA,NA,NA,NA,NA,NA,NA,NA,NA,NA,NA,NA,NA,"NHMUK:ecatalogue:4078873"
"91","2016-08-23 09:42:17-03","NHMLondon","NHM-LONDON-ZOO","1927.8.11.13","S","Animalia","Chordata","Mammalia","Primates",NA,"Pithecia","monachus","Pithecia monachus",NA,NA,NA,"1925","03","21",NA,"Brasil",NA,NA,NA,NA,"female",NA,NA,NA,NA,NA,NA,NA,NA,NA,NA,NA,NA,NA,NA,"NHMUK:ecatalogue:4078872"
"92","2015-02-23 14:57:21-03","NHMLondon","NHM-LONDON-ZOO","1927.8.11.14","S","Animalia","Chordata","Mammalia","Primates",NA,"Pithecia","monachus","Pithecia monachus",NA,NA,NA,"1926","12","10",NA,"Brasil",NA,NA,NA,NA,"female",NA,NA,NA,NA,NA,NA,NA,NA,NA,NA,NA,NA,NA,NA,"NHMUK:ecatalogue:4078877"
"93","2015-02-23 14:57:21-03","NHMLondon","NHM-LONDON-ZOO","1927.8.11.14","S","Animalia","Chordata","Mammalia","Primates",NA,"Pithecia","monachus","Pithecia monachus",NA,NA,NA,"1926","12","10",NA,"Brasil",NA,NA,NA,NA,"female",NA,NA,NA,NA,NA,NA,NA,NA,NA,NA,NA,NA,NA,NA,"NHMUK:ecatalogue:4078878"
"94","2015-02-23 14:57:21-03","NHMLondon","NHM-LONDON-ZOO","1927.8.11.14","S","Animalia","Chordata","Mammalia","Primates",NA,"Pithecia","monachus","Pithecia monachus",NA,NA,NA,"1926","12","10",NA,"Brasil",NA,NA,NA,NA,"female",NA,NA,NA,NA,NA,NA,NA,NA,NA,NA,NA,NA,NA,NA,"NHMUK:ecatalogue:4078879"
"95","2016-08-23 09:42:17-03","NHMLondon","NHM-LONDON-ZOO","1927.8.11.15","S","Animalia","Chordata","Mammalia","Primates",NA,"Pithecia","monachus","Pithecia monachus",NA,NA,NA,"1926","07","22",NA,"Brasil",NA,NA,NA,NA,"female",NA,NA,NA,NA,NA,NA,NA,NA,NA,NA,NA,NA,NA,NA,"NHMUK:ecatalogue:4078882"
"96","2016-08-23 09:42:17-03","NHMLondon","NHM-LONDON-ZOO","1927.8.11.16","S","Animalia","Chordata","Mammalia","Primates",NA,"Pithecia","monachus","Pithecia monachus",NA,NA,NA,"1925","07","24",NA,"Brasil",NA,NA,NA,NA,"female",NA,NA,NA,NA,NA,NA,NA,NA,NA,NA,NA,NA,NA,NA,"NHMUK:ecatalogue:4078885"
"97","2016-08-23 09:42:17-03","NHMLondon","NHM-LONDON-ZOO","1927.8.11.17","S","Animalia","Chordata","Mammalia","Primates",NA,"Pithecia","monachus","Pithecia monachus",NA,NA,NA,"1927","03","15",NA,"Brasil",NA,NA,NA,NA,"male",NA,NA,NA,NA,NA,NA,NA,NA,NA,NA,NA,NA,NA,NA,"NHMUK:ecatalogue:4078889"
"98","2016-08-23 09:42:17-03","NHMLondon","NHM-LONDON-ZOO","1927.8.11.17","S","Animalia","Chordata","Mammalia","Primates",NA,"Pithecia","monachus","Pithecia monachus",NA,NA,NA,"1927","03","15",NA,"Brasil",NA,NA,NA,NA,"male",NA,NA,NA,NA,NA,NA,NA,NA,NA,NA,NA,NA,NA,NA,"NHMUK:ecatalogue:4078888"
"99","2016-08-23 09:42:17-03","NHMLondon","NHM-LONDON-ZOO","1927.8.11.18","S","Animalia","Chordata","Mammalia","Primates",NA,"Pithecia","monachus","Pithecia monachus",NA,NA,NA,"1927","03","18",NA,"Brasil",NA,NA,NA,NA,"male",NA,NA,NA,NA,NA,NA,NA,NA,NA,NA,NA,NA,NA,NA,"NHMUK:ecatalogue:4078894"
"100","2016-08-23 09:42:17-03","NHMLondon","NHM-LONDON-ZOO","1927.8.11.18","S","Animalia","Chordata","Mammalia","Primates",NA,"Pithecia","monachus","Pithecia monachus",NA,NA,NA,"1927","03","18",NA,"Brasil",NA,NA,NA,NA,"male",NA,NA,NA,NA,NA,NA,NA,NA,NA,NA,NA,NA,NA,NA,"NHMUK:ecatalogue:4078893"
"101","2016-08-23 09:42:17-03","NHMLondon","NHM-LONDON-ZOO","1927.8.11.18","S","Animalia","Chordata","Mammalia","Primates",NA,"Pithecia","monachus","Pithecia monachus",NA,NA,NA,"1927","03","18",NA,"Brasil",NA,NA,NA,NA,"male",NA,NA,NA,NA,NA,NA,NA,NA,NA,NA,NA,NA,NA,NA,"NHMUK:ecatalogue:4078892"
"102","2016-08-23 09:42:17-03","NHMLondon","NHM-LONDON-ZOO","1927.8.11.18","S","Animalia","Chordata","Mammalia","Primates",NA,"Pithecia","monachus","Pithecia monachus",NA,NA,NA,"1927","03","18",NA,"Brasil",NA,NA,NA,NA,"male",NA,NA,NA,NA,NA,NA,NA,NA,NA,NA,NA,NA,NA,NA,"NHMUK:ecatalogue:4078895"
"103","2016-08-23 09:42:17-03","NHMLondon","NHM-LONDON-ZOO","1927.8.11.19","S","Animalia","Chordata","Mammalia","Primates",NA,"Pithecia","monachus","Pithecia monachus",NA,NA,NA,"1925","03","02",NA,"Brasil",NA,NA,NA,NA,"male",NA,NA,NA,NA,NA,NA,NA,NA,NA,NA,NA,NA,NA,NA,"NHMUK:ecatalogue:4078898"
"104","2016-08-23 09:42:17-03","NHMLondon","NHM-LONDON-ZOO","1927.8.11.19","S","Animalia","Chordata","Mammalia","Primates",NA,"Pithecia","monachus","Pithecia monachus",NA,NA,NA,"1925","03","02",NA,"Brasil",NA,NA,NA,NA,"male",NA,NA,NA,NA,NA,NA,NA,NA,NA,NA,NA,NA,NA,NA,"NHMUK:ecatalogue:4078899"
"105","2016-08-23 09:42:17-03","NHMLondon","NHM-LONDON-ZOO","1927.8.11.20","S","Animalia","Chordata","Mammalia","Primates",NA,"Pithecia","monachus","Pithecia monachus",NA,NA,NA,"1925","02","19",NA,"Brasil",NA,NA,NA,NA,"female",NA,NA,NA,NA,NA,NA,NA,NA,NA,NA,NA,NA,NA,NA,"NHMUK:ecatalogue:4078903"
"106","2016-08-23 09:42:17-03","NHMLondon","NHM-LONDON-ZOO","1927.8.11.20","S","Animalia","Chordata","Mammalia","Primates",NA,"Pithecia","monachus","Pithecia monachus",NA,NA,NA,"1925","02","19",NA,"Brasil",NA,NA,NA,NA,"female",NA,NA,NA,NA,NA,NA,NA,NA,NA,NA,NA,NA,NA,NA,"NHMUK:ecatalogue:4078902"
"107","2016-08-23 09:42:17-03","NHMLondon","NHM-LONDON-ZOO","1927.8.11.23","S","Animalia","Chordata","Mammalia","Primates",NA,"Pithecia","monachus","Pithecia monachus",NA,NA,NA,"1926","09","30",NA,"Brasil",NA,NA,NA,NA,"male",NA,NA,NA,NA,NA,NA,NA,NA,NA,NA,NA,NA,NA,NA,"NHMUK:ecatalogue:4078917"
"108","2016-08-23 09:42:17-03","NHMLondon","NHM-LONDON-ZOO","1927.8.11.23","S","Animalia","Chordata","Mammalia","Primates",NA,"Pithecia","monachus","Pithecia monachus",NA,NA,NA,"1926","09","30",NA,"Brasil",NA,NA,NA,NA,"male",NA,NA,NA,NA,NA,NA,NA,NA,NA,NA,NA,NA,NA,NA,"NHMUK:ecatalogue:4078915"
"109","2016-08-23 09:42:17-03","NHMLondon","NHM-LONDON-ZOO","1927.8.11.23","S","Animalia","Chordata","Mammalia","Primates",NA,"Pithecia","monachus","Pithecia monachus",NA,NA,NA,"1926","09","30",NA,"Brasil",NA,NA,NA,NA,"male",NA,NA,NA,NA,NA,NA,NA,NA,NA,NA,NA,NA,NA,NA,"NHMUK:ecatalogue:4078916"
"110","2016-08-23 09:42:17-03","NHMLondon","NHM-LONDON-ZOO","1934.6.14.10","S","Animalia","Chordata","Mammalia","Primates",NA,"Pithecia","monachus","Pithecia monachus",NA,NA,NA,"1930","08",NA,NA,"Brasil","Amazonas",NA,NA,NA,"female",NA,NA,NA,NA,NA,NA,NA,NA,NA,NA,NA,NA,NA,NA,"NHMUK:ecatalogue:4080402"
"111","2016-08-23 09:42:17-03","NHMLondon","NHM-LONDON-ZOO","1934.6.14.10","S","Animalia","Chordata","Mammalia","Primates",NA,"Pithecia","monachus","Pithecia monachus",NA,NA,NA,"1930","08",NA,NA,"Brasil","Amazonas",NA,NA,NA,"female",NA,NA,NA,NA,NA,NA,NA,NA,NA,NA,NA,NA,NA,NA,"NHMUK:ecatalogue:4080404"
"112","2016-08-23 09:42:17-03","NHMLondon","NHM-LONDON-ZOO","1934.6.14.10","S","Animalia","Chordata","Mammalia","Primates",NA,"Pithecia","monachus","Pithecia monachus",NA,NA,NA,"1930","08",NA,NA,"Brasil","Amazonas",NA,NA,NA,"female",NA,NA,NA,NA,NA,NA,NA,NA,NA,NA,NA,NA,NA,NA,"NHMUK:ecatalogue:4080403"
"113","2016-08-23 09:42:17-03","NHMLondon","NHM-LONDON-ZOO","1934.6.14.4","S","Animalia","Chordata","Mammalia","Primates",NA,"Pithecia","monachus","Pithecia monachus",NA,NA,NA,"1930","05",NA,NA,"Brasil","Amazonas",NA,NA,NA,"male",NA,NA,NA,NA,NA,NA,NA,NA,NA,NA,NA,NA,NA,NA,"NHMUK:ecatalogue:4080733"
"114","2016-08-23 09:42:17-03","NHMLondon","NHM-LONDON-ZOO","1934.6.14.4","S","Animalia","Chordata","Mammalia","Primates",NA,"Pithecia","monachus","Pithecia monachus",NA,NA,NA,"1930","05",NA,NA,"Brasil","Amazonas",NA,NA,NA,"male",NA,NA,NA,NA,NA,NA,NA,NA,NA,NA,NA,NA,NA,NA,"NHMUK:ecatalogue:4080732"
"115","2016-08-23 09:42:17-03","NHMLondon","NHM-LONDON-ZOO","1934.6.14.5","S","Animalia","Chordata","Mammalia","Primates",NA,"Pithecia","monachus","Pithecia monachus",NA,NA,NA,"1930","05",NA,NA,"Brasil","Amazonas",NA,NA,NA,"female",NA,NA,NA,NA,NA,NA,NA,NA,NA,NA,NA,NA,NA,NA,"NHMUK:ecatalogue:4080737"
"116","2016-08-23 09:42:17-03","NHMLondon","NHM-LONDON-ZOO","1934.6.14.5","S","Animalia","Chordata","Mammalia","Primates",NA,"Pithecia","monachus","Pithecia monachus",NA,NA,NA,"1930","05",NA,NA,"Brasil","Amazonas",NA,NA,NA,"female",NA,NA,NA,NA,NA,NA,NA,NA,NA,NA,NA,NA,NA,NA,"NHMUK:ecatalogue:4080736"
"117","2016-08-23 09:42:17-03","NHMLondon","NHM-LONDON-ZOO","1939,3512","S","Animalia","Chordata","Mammalia","Primates",NA,"Pithecia","monachus","Pithecia monachus",NA,NA,NA,"1926","05",NA,NA,"Brasil",NA,NA,NA,NA,"female",NA,NA,NA,NA,NA,NA,NA,NA,NA,NA,NA,NA,NA,NA,"NHMUK:ecatalogue:4082798"
"118","2015-02-23 14:57:21-03","NHMLondon","NHM-LONDON-ZOO",NA,"S","Animalia","Chordata","Mammalia","Primates",NA,"Pithecia","monachus","Pithecia monachus",NA,NA,NA,NA,NA,NA,NA,"Brasil",NA,NA,NA,NA,"male",NA,NA,NA,"holotype",NA,NA,NA,NA,NA,NA,NA,NA,NA,NA,"NHMUK:ecatalogue:4087702"
"119","2015-02-23 14:57:21-03","NHMLondon","NHM-LONDON-ZOO",NA,"S","Animalia","Chordata","Mammalia","Primates",NA,"Pithecia","monachus","Pithecia monachus",NA,NA,NA,NA,NA,NA,NA,"Brasil",NA,NA,NA,NA,"male",NA,NA,NA,"holotype",NA,NA,NA,NA,NA,NA,NA,NA,NA,NA,"NHMUK:ecatalogue:4087703"
"120","2006-01-12 00:00:00-02","Fundación Puerto Rastrojo <U+0096>- Colômbia","FPR-COLOMBIA","63990","O","Animalia","Chordata","Mammalia","Primates","Cebidae","Pithecia","monachus","Pithecia monachus",NA,NA,NA,NA,NA,NA,NA,"Brasil","Estado de Amazonas","Tabatinga Río Solimões","-69.9333333333333","-4.26666666666667",NA,"Mammals of Amazonia. Volume I : General introduction and primates DA CRUZ LIMA, Eladio",NA,NA,NA,NA,"1",NA,NA,NA,NA,NA,NA,NA,NA,NA
"121","2006-01-12 00:00:00-02","Fundación Puerto Rastrojo <U+0096>- Colômbia","FPR-COLOMBIA","63991","O","Animalia","Chordata","Mammalia","Primates","Cebidae","Pithecia","monachus","Pithecia monachus",NA,NA,NA,NA,NA,NA,NA,"Brasil","Estado de Amazonas","Tabatinga Río Solimões","-69.9333333333333","-4.26666666666667",NA,"Mammal species of the world : A taxonomic and geographic reference WILSON, Don E.;REEDER, DeeAnn M.",NA,NA,NA,NA,"1",NA,NA,NA,NA,NA,NA,NA,NA,NA
"122","2006-01-12 00:00:00-02","Fundación Puerto Rastrojo <U+0096>- Colômbia","FPR-COLOMBIA","5737","O","Animalia","Chordata","Mammalia","Primates","Cebidae","Pithecia","monachus","Pithecia monachus",NA,"Miller, Leo E.",NA,NA,NA,NA,NA,"Colombia","Caquetá","Morelia Río Bodoquero","-75.725","1.4875",NA,"Mammals of Amazonia. Volume I : General introduction and primates DA CRUZ LIMA, Eladio",NA,NA,NA,NA,"1",NA,NA,NA,"Morelia",NA,NA,NA,NA,NA
"123","2006-01-12 00:00:00-02","Fundación Puerto Rastrojo <U+0096>- Colômbia","FPR-COLOMBIA","5141","O","Animalia","Chordata","Mammalia","Primates","Cebidae","Pithecia","monachus","Pithecia monachus",NA,NA,NA,NA,NA,NA,NA,"Colombia","Caquetá","Quebrada Anucú afluente Río Caquetá","-74.3","0.2",NA,"Mammals of the Neotropics EISENBERG, John F.",NA,NA,NA,NA,"1",NA,NA,NA,"Solano",NA,NA,NA,NA,NA
"124","2006-01-12 00:00:00-02","Fundación Puerto Rastrojo <U+0096>- Colômbia","FPR-COLOMBIA","4851","O","Animalia","Chordata","Mammalia","Primates","Cebidae","Pithecia","monachus","Pithecia monachus",NA,NA,NA,NA,NA,NA,NA,"Colombia",NA,"Amazonia",NA,NA,NA,"Lista actualizada de los mamíferos de Colombia : Anotaciones sobre su Distribución CUERVO DIAZ, Alicia;HERNANDEZ CAMACHO, Jorge I.;CADENA G., Alberto",NA,NA,NA,NA,"1",NA,NA,NA,NA,NA,NA,NA,NA,NA
"125","2006-01-12 00:00:00-02","Fundación Puerto Rastrojo <U+0096>- Colômbia","FPR-COLOMBIA","5444","O","Animalia","Chordata","Mammalia","Primates","Cebidae","Pithecia","monachus","Pithecia monachus",NA,NA,NA,NA,NA,NA,NA,"Colombia","Putumayo","Vereda El Guadual 40 Km. noroccidente Puerto Leguízamo Río Caucayá","-74.995","0.158333333333333",NA,"Evaluación ecológica rápida del Parque Nacional natural La Paya, Putumayo, Colombia JAIMES, Vilma;POLANCO, Rocío;PIRAGUA, William",NA,NA,NA,NA,"1",NA,NA,NA,"Puerto Leguízamo",NA,NA,NA,NA,NA
